"Date","Price","Open","High","Low","Change %"
"11/21/2025","88.790","88.820","88.900","88.790","0.08%"
"11/20/2025","88.720","88.770","88.770","88.710","-0.06%"
"11/19/2025","88.770","88.780","88.830","88.750","0.06%"
"11/18/2025","88.720","88.790","88.850","88.720","0.02%"
"11/17/2025","88.700","88.750","88.780","88.700","-0.02%"
"11/14/2025","88.720","88.810","88.890","88.710","-0.14%"
"11/13/2025","88.840","88.920","88.970","88.800","-0.11%"
"11/12/2025","88.940","88.810","88.940","88.780","0.11%"
"11/11/2025","88.840","88.760","88.850","88.750","0.09%"
"11/10/2025","88.760","88.630","88.780","88.630","0.05%"
"11/07/2025","88.720","88.720","88.810","88.710","-0.05%"
"11/06/2025","88.760","88.730","88.780","88.710","0.07%"
"11/05/2025","88.700","88.840","88.840","88.700","-0.07%"
"11/04/2025","88.760","88.820","88.860","88.760","0.01%"
"11/03/2025","88.750","88.830","88.840","88.750","-0.11%"
"10/31/2025","88.850","88.790","88.870","88.780","0.05%"
"10/30/2025","88.810","88.720","88.830","88.680","-0.01%"
"10/29/2025","88.820","88.810","88.830","88.770","0.08%"
"10/28/2025","88.750","88.770","88.800","88.740","0.01%"
"10/27/2025","88.740","88.730","88.750","88.700","0.01%"
"10/24/2025","88.730","88.950","88.970","88.730","-0.25%"
"10/23/2025","88.950","88.990","89.000","88.950","-0.07%"
"10/22/2025","89.010","89.060","89.070","88.970","-0.02%"
"10/21/2025","89.030","89.010","89.040","88.950","0.09%"
"10/20/2025","88.950","89.020","89.050","88.950","-0.11%"
"10/17/2025","89.050","89.240","89.250","89.010","-0.01%"
"10/16/2025","89.060","89.010","89.060","88.990","0.13%"
"10/15/2025","88.940","88.830","88.940","88.820","0.18%"
"10/14/2025","88.780","88.700","88.780","88.620","0.25%"
"10/13/2025","88.560","88.440","88.660","88.560","-0.02%"
"10/10/2025","88.580","88.370","88.590","88.370","0.29%"
"10/09/2025","88.320","88.270","88.320","88.220","0.02%"
"10/08/2025","88.300","88.220","88.320","88.200","0.16%"
"10/07/2025","88.160","88.210","88.280","88.160","-0.09%"
"10/06/2025","88.240","88.360","88.420","88.240","-0.09%"
"10/03/2025","88.320","88.270","88.320","88.230","0.01%"
"10/02/2025","88.310","88.270","88.310","88.220","0.06%"
"10/01/2025","88.260","88.110","88.290","88.090","0.08%"
"09/30/2025","88.190","88.280","88.280","88.180","-0.05%"
"09/29/2025","88.230","88.110","88.230","88.140","0.12%"
"09/26/2025","88.120","88.020","88.150","88.020","0.14%"
"09/25/2025","88.000","88.180","88.210","88.000","-0.18%"
"09/24/2025","88.160","88.110","88.170","88.100","0.09%"
"09/23/2025","88.080","88.090","88.110","88.030","0.02%"
"09/22/2025","88.060","88.140","88.190","88.050","-0.06%"
"09/19/2025","88.110","88.090","88.110","88.060","-0.07%"
"09/18/2025","88.170","88.220","88.270","88.130","-0.03%"
"09/17/2025","88.200","88.260","88.300","88.200","-0.01%"
"09/16/2025","88.210","88.210","88.260","88.180","0.00%"
"09/15/2025","88.210","88.190","88.290","88.210","0.05%"
"09/12/2025","88.170","88.290","88.290","88.170","-0.25%"
"09/11/2025","88.390","88.420","88.490","88.280","-0.05%"
"09/10/2025","88.430","88.510","88.510","88.400","0.00%"
"09/09/2025","88.430","88.360","88.470","88.330","0.00%"
"09/08/2025","88.430","88.300","88.430","88.290","0.15%"
"09/05/2025","88.300","88.200","88.390","88.160","0.18%"
"09/04/2025","88.140","88.080","88.170","88.080","0.11%"
"09/03/2025","88.040","87.910","88.040","87.880","0.17%"
"09/02/2025","87.890","88.020","87.920","87.840","-0.15%"
"09/01/2025","88.020","87.900","88.020","87.860","-0.03%"
"08/29/2025","88.050","88.080","88.110","88.050","-0.06%"
"08/28/2025","88.100","88.070","88.100","87.970","0.08%"
"08/27/2025","88.030","87.930","88.070","87.960","0.07%"
"08/26/2025","87.970","88.180","88.220","87.950","-0.03%"
"08/25/2025","88.000","88.080","88.100","87.930","-0.25%"
"08/22/2025","88.220","87.950","88.220","87.950","0.28%"
"08/21/2025","87.970","88.160","88.160","87.940","-0.17%"
"08/20/2025","88.120","88.090","88.200","88.080","0.10%"
"08/19/2025","88.030","87.930","88.040","87.890","0.16%"
"08/18/2025","87.890","87.950","88.060","87.890","-0.05%"
"08/15/2025","87.930","88.220","88.220","87.930","-0.33%"
"08/14/2025","88.220","88.330","88.380","88.210","-0.07%"
"08/13/2025","88.280","88.040","88.300","88.040","0.35%"
"08/12/2025","87.970","88.120","88.150","87.950","-0.16%"
"08/11/2025","88.110","88.140","88.230","88.110","-0.05%"
"08/08/2025","88.150","88.330","88.330","88.130","-0.24%"
"08/07/2025","88.360","88.320","88.400","88.240","0.05%"
"08/06/2025","88.320","88.370","88.380","88.310","-0.07%"
"08/05/2025","88.380","88.420","88.480","88.340","-0.01%"
"08/04/2025","88.390","88.140","88.390","88.100","0.18%"
"08/01/2025","88.230","87.980","88.370","87.970","0.17%"
"07/31/2025","88.080","88.120","88.120","88.020","0.03%"
"07/30/2025","88.050","88.110","88.180","88.040","-0.09%"
"07/29/2025","88.130","88.090","88.140","88.010","-0.01%"
"07/28/2025","88.140","88.070","88.180","88.020","0.16%"
"07/25/2025","88.000","87.880","88.000","87.750","-0.02%"
"07/24/2025","88.020","88.250","88.270","88.020","-0.55%"
"07/23/2025","88.510","88.430","88.520","88.390","0.01%"
"07/22/2025","88.500","88.370","88.510","88.350","0.12%"
"07/21/2025","88.390","88.220","88.400","88.220","0.37%"
"07/18/2025","88.060","87.990","88.060","87.970","-0.01%"
"07/17/2025","88.070","88.100","88.180","88.050","-0.07%"
"07/16/2025","88.130","87.920","88.130","87.880","0.25%"
"07/15/2025","87.910","87.880","88.020","87.880","0.10%"
"07/14/2025","87.820","87.730","87.820","87.660","-0.01%"
"07/11/2025","87.830","87.900","87.930","87.780","-0.05%"
"07/10/2025","87.870","88.090","88.090","87.870","-0.16%"
"07/09/2025","88.010","88.020","88.050","87.970","0.03%"
"07/08/2025","87.980","87.950","87.980","87.810","-0.06%"
"07/07/2025","88.030","88.300","88.300","88.030","-0.28%"
"07/04/2025","88.280","88.330","88.360","88.280","0.12%"
"07/03/2025","88.170","88.120","88.270","88.120","0.11%"
"07/02/2025","88.070","88.200","88.260","88.040","-0.22%"
"07/01/2025","88.260","88.270","88.410","88.240","0.10%"
"06/30/2025","88.170","88.230","88.300","88.170","-0.01%"
"06/27/2025","88.180","88.230","88.280","88.120","-0.08%"
"06/26/2025","88.250","88.280","88.310","88.230","0.09%"
"06/25/2025","88.170","88.330","88.360","88.090","-0.05%"
"06/24/2025","88.210","88.200","88.250","88.000","0.05%"
"06/23/2025","88.170","87.970","88.170","87.970","0.07%"
"06/20/2025","88.110","88.170","88.170","87.980","0.10%"
"06/19/2025","88.020","88.060","88.180","88.020","-0.15%"
"06/18/2025","88.150","88.020","88.190","88.020","0.15%"
"06/17/2025","88.020","88.020","88.170","88.010","-0.10%"
"06/16/2025","88.110","87.860","88.120","87.800","0.13%"
"06/13/2025","88.000","88.310","88.320","88.000","-0.31%"
"06/12/2025","88.270","88.330","88.430","88.250","0.16%"
"06/11/2025","88.130","88.140","88.250","88.070","-0.03%"
"06/10/2025","88.160","88.130","88.200","88.090","0.17%"
"06/09/2025","88.010","88.080","88.220","87.960","0.01%"
"06/06/2025","88.000","87.990","88.130","87.950","0.09%"
"06/05/2025","87.920","88.340","88.440","87.920","-0.41%"
"06/04/2025","88.280","88.400","88.400","88.230","-0.09%"
"06/03/2025","88.360","88.440","88.450","88.360","0.08%"
"06/02/2025","88.290","88.330","88.330","88.190","-0.09%"
"05/30/2025","88.370","88.320","88.370","88.180","0.07%"
"05/29/2025","88.310","88.030","88.310","88.000","0.18%"
"05/28/2025","88.150","88.140","88.160","88.050","0.01%"
"05/27/2025","88.140","88.240","88.280","88.120","0.02%"
"05/26/2025","88.120","87.950","88.120","87.900","0.10%"
"05/23/2025","88.030","87.910","88.270","87.820","0.22%"
"05/22/2025","87.840","87.840","87.890","87.790","0.06%"
"05/21/2025","87.790","87.900","87.910","87.730","-0.23%"
"05/20/2025","87.990","87.950","88.060","87.870","0.05%"
"05/19/2025","87.950","87.940","87.990","87.690","0.05%"
"05/16/2025","87.910","87.830","87.920","87.790","0.25%"
"05/15/2025","87.690","87.530","87.750","87.520","0.30%"
"05/14/2025","87.430","87.470","87.590","87.430","-0.10%"
"05/13/2025","87.520","87.530","87.580","87.430","-0.02%"
"05/12/2025","87.540","87.720","87.740","87.530","-0.60%"
"05/09/2025","88.070","88.250","88.080","87.890","-0.09%"
"05/08/2025","88.150","88.260","88.280","88.120","-0.15%"
"05/07/2025","88.280","87.990","88.280","87.990","0.27%"
"05/06/2025","88.040","88.030","88.120","88.000","-0.06%"
"05/05/2025","88.090","87.900","88.090","87.890","0.19%"
"05/02/2025","87.920","88.370","88.260","87.920","-0.50%"
"04/30/2025","88.360","88.140","88.370","88.140","0.31%"
"04/29/2025","88.090","88.160","88.210","88.090","0.00%"
"04/28/2025","88.090","88.120","88.120","87.990","-0.06%"
"04/25/2025","88.140","88.110","88.180","88.080","-0.14%"
"04/24/2025","88.260","87.940","88.260","87.940","0.41%"
"04/23/2025","87.900","87.840","87.920","87.670","-0.18%"
"04/22/2025","88.060","88.060","88.090","87.970","0.19%"
"04/17/2025","87.890","87.740","88.020","87.600","0.11%"
"04/16/2025","87.790","87.810","87.870","87.730","0.25%"
"04/15/2025","87.570","87.670","87.710","87.520","-0.02%"
"04/14/2025","87.590","87.300","87.590","87.290","0.24%"
"04/11/2025","87.380","87.350","87.790","87.230","-0.02%"
"04/10/2025","87.400","86.850","87.400","86.840","-0.05%"
"04/09/2025","87.440","87.360","87.700","87.330","0.21%"
"04/08/2025","87.260","87.350","87.480","86.990","-0.22%"
"04/07/2025","87.450","87.630","88.210","87.320","-0.07%"
"04/04/2025","87.510","87.420","87.920","87.420","0.37%"
"04/03/2025","87.190","87.340","87.370","87.170","0.37%"
"04/02/2025","86.870","86.890","87.050","86.790","0.01%"
"04/01/2025","86.860","86.740","86.950","86.740","0.21%"
"03/31/2025","86.680","87.050","87.060","86.680","-0.09%"
"03/28/2025","86.760","86.870","86.870","86.750","0.14%"
"03/27/2025","86.640","86.460","86.680","86.530","0.22%"
"03/26/2025","86.450","86.410","86.490","86.360","0.05%"
"03/25/2025","86.410","86.400","86.410","86.240","-0.08%"
"03/24/2025","86.480","86.330","86.480","86.310","0.07%"
"03/21/2025","86.420","86.390","86.520","86.390","0.10%"
"03/20/2025","86.330","86.310","86.420","86.300","0.15%"
"03/19/2025","86.200","86.300","86.300","86.120","0.09%"
"03/18/2025","86.120","86.090","86.210","86.040","-0.10%"
"03/17/2025","86.210","85.940","86.210","85.950","0.29%"
"03/14/2025","85.960","85.900","85.960","85.650","0.06%"
"03/13/2025","85.910","85.920","86.100","85.830","0.02%"
"03/12/2025","85.890","85.750","85.890","85.650","0.08%"
"03/11/2025","85.820","85.940","85.940","85.760","-0.14%"
"03/10/2025","85.940","85.850","86.100","85.850","0.09%"
"03/07/2025","85.860","85.860","86.130","85.850","0.26%"
"03/06/2025","85.640","85.650","85.970","85.580","-0.31%"
"03/05/2025","85.910","86.560","86.570","85.900","-1.58%"
"03/04/2025","87.290","87.420","87.470","87.270","0.17%"
"03/03/2025","87.140","87.280","87.330","86.880","-0.21%"
"02/28/2025","87.320","87.370","87.400","87.260","0.10%"
"02/27/2025","87.230","87.200","87.270","87.100","0.14%"
"02/26/2025","87.110","86.940","87.110","86.920","0.15%"
"02/25/2025","86.980","86.830","86.980","86.780","0.20%"
"02/24/2025","86.810","86.690","86.850","86.650","0.10%"
"02/21/2025","86.720","86.590","86.840","86.580","0.21%"
"02/20/2025","86.540","86.460","86.560","86.410","0.14%"
"02/19/2025","86.420","86.650","86.660","86.420","-0.37%"
"02/18/2025","86.740","86.630","86.750","86.600","0.06%"
"02/17/2025","86.690","86.650","86.730","86.600","-0.18%"
"02/14/2025","86.850","86.870","86.920","86.800","-0.06%"
"02/13/2025","86.900","86.550","86.930","86.530","0.47%"
"02/12/2025","86.490","86.610","86.660","86.430","-0.23%"
"02/11/2025","86.690","86.920","86.920","86.670","-0.36%"
"02/10/2025","87.000","87.040","87.100","86.970","0.02%"
"02/07/2025","86.980","86.920","87.060","86.810","0.05%"
"02/06/2025","86.940","86.910","87.010","86.850","-0.09%"
"02/05/2025","87.020","86.990","87.100","86.970","0.13%"
"02/04/2025","86.910","86.720","86.910","86.670","0.05%"
"02/03/2025","86.870","86.720","86.980","86.710","0.42%"
"01/31/2025","86.510","86.160","86.540","86.140","0.46%"
"01/30/2025","86.110","85.930","86.210","85.930","0.34%"
"01/29/2025","85.820","86.130","86.160","85.820","-0.19%"
"01/28/2025","85.980","85.880","86.010","85.840","-0.06%"
"01/27/2025","86.030","86.040","86.170","85.920","0.27%"
"01/24/2025","85.800","86.000","86.000","85.710","-0.20%"
"01/23/2025","85.970","86.050","86.030","85.870","-0.01%"
"01/22/2025","85.980","85.910","86.030","85.850","0.07%"
"01/21/2025","85.920","85.890","85.940","85.790","0.06%"
"01/20/2025","85.870","85.900","85.910","85.800","0.05%"
"01/17/2025","85.830","85.850","85.900","85.780","0.10%"
"01/16/2025","85.740","85.660","85.740","85.570","0.06%"
"01/15/2025","85.690","85.240","85.730","85.170","0.68%"
"01/14/2025","85.110","85.360","85.360","85.090","-0.12%"
"01/13/2025","85.210","85.160","85.250","85.060","-0.09%"
"01/10/2025","85.290","85.320","85.370","85.110","-0.13%"
"01/09/2025","85.400","85.590","85.670","85.400","-0.30%"
"01/08/2025","85.660","85.810","85.840","85.610","-0.16%"
"01/07/2025","85.800","85.890","85.960","85.750","-0.07%"
"01/06/2025","85.860","85.700","85.880","85.590","0.06%"
"01/03/2025","85.810","86.180","86.190","85.810","-0.43%"
"01/02/2025","86.180","86.370","86.640","86.180","-0.24%"
"12/31/2024","86.390","86.390","86.390","86.390","0.02%"
"12/30/2024","86.370","86.190","86.440","86.170","0.20%"
"12/27/2024","86.200","86.340","86.370","86.140","-0.24%"
"12/23/2024","86.410","86.660","86.550","86.410","-0.17%"
"12/20/2024","86.560","86.610","86.750","86.530","0.07%"
"12/19/2024","86.500","86.440","86.540","86.360","-0.17%"
"12/18/2024","86.650","86.670","86.710","86.580","0.00%"
"12/17/2024","86.650","86.670","86.830","86.650","-0.08%"
"12/16/2024","86.720","86.830","86.910","86.720","-0.05%"
"12/13/2024","86.760","86.970","86.970","86.760","-0.32%"
"12/12/2024","87.040","87.190","87.420","87.040","-0.26%"
"12/11/2024","87.270","87.380","87.510","87.270","-0.11%"
"12/10/2024","87.370","87.160","87.380","87.160","0.14%"
"12/09/2024","87.250","87.230","87.320","87.150","0.05%"
"12/06/2024","87.210","87.050","87.220","86.940","0.16%"
"12/05/2024","87.070","87.130","87.130","86.780","-0.09%"
"12/04/2024","87.150","86.920","87.150","86.780","0.10%"
"12/03/2024","87.060","87.140","87.140","86.970","-0.31%"
"12/02/2024","87.330","87.200","87.330","87.170","0.31%"
"11/29/2024","87.060","86.870","87.060","86.800","0.29%"
"11/28/2024","86.810","86.580","86.810","86.460","0.39%"
"11/27/2024","86.470","86.740","86.740","86.390","0.00%"
"11/26/2024","86.470","86.440","86.560","86.400","-0.06%"
"11/25/2024","86.520","86.440","86.550","86.290","0.16%"
"11/22/2024","86.380","85.950","86.530","85.950","0.35%"
"11/21/2024","86.080","86.030","86.370","86.030","-0.03%"
"11/20/2024","86.110","86.020","86.200","85.960","-0.06%"
"11/19/2024","86.160","86.240","86.530","86.150","0.12%"
"11/18/2024","86.060","85.980","86.080","85.760","0.00%"
"11/15/2024","86.060","86.130","86.210","85.920","-0.10%"
"11/14/2024","86.150","85.770","86.150","85.770","0.30%"
"11/13/2024","85.890","86.070","85.890","85.650","-0.08%"
"11/12/2024","85.960","86.040","86.230","85.950","-0.17%"
"11/11/2024","86.110","85.980","86.140","85.910","0.29%"
"11/08/2024","85.860","85.820","85.880","85.660","0.36%"
"11/07/2024","85.550","85.700","85.700","85.360","-0.23%"
"11/06/2024","85.750","85.940","86.070","85.720","0.19%"
"11/05/2024","85.590","85.590","85.670","85.520","-0.12%"
"11/04/2024","85.690","85.620","85.730","85.490","0.02%"
"11/01/2024","85.670","85.660","85.960","85.620","0.00%"
"10/31/2024","85.670","85.540","85.720","85.260","-0.06%"
"10/30/2024","85.720","86.200","86.240","85.690","-0.40%"
"10/29/2024","86.060","86.380","86.380","86.060","-0.39%"
"10/28/2024","86.400","86.190","86.590","86.190","0.02%"
"10/25/2024","86.380","86.560","86.600","86.370","-0.22%"
"10/24/2024","86.570","86.470","86.660","86.430","0.34%"
"10/23/2024","86.280","86.260","86.290","86.180","0.16%"
"10/22/2024","86.140","86.250","86.320","86.070","-0.20%"
"10/21/2024","86.310","86.720","86.730","86.300","-0.56%"
"10/18/2024","86.800","86.550","86.800","86.550","0.23%"
"10/17/2024","86.600","86.510","86.680","86.450","-0.02%"
"10/16/2024","86.620","86.550","86.650","86.490","0.28%"
"10/15/2024","86.380","86.250","86.420","86.130","0.44%"
"10/14/2024","86.000","86.120","86.120","85.960","-0.06%"
"10/11/2024","86.050","86.070","86.070","85.880","-0.02%"
"10/10/2024","86.070","85.940","86.070","85.830","0.10%"
"10/09/2024","85.980","86.200","86.220","85.980","-0.16%"
"10/08/2024","86.120","86.100","86.150","86.010","0.08%"
"10/07/2024","86.050","86.130","86.130","85.990","-0.27%"
"10/04/2024","86.280","86.490","86.490","86.090","-0.38%"
"10/03/2024","86.610","86.930","86.940","86.590","-0.44%"
"10/02/2024","86.990","87.170","87.170","86.920","-0.23%"
"10/01/2024","87.190","86.790","87.230","86.760","0.66%"
"09/30/2024","86.620","86.760","86.830","86.520","-0.07%"
"09/27/2024","86.680","86.600","86.720","86.500","0.24%"
"09/26/2024","86.470","86.530","86.740","86.450","0.05%"
"09/25/2024","86.430","86.630","86.650","86.400","-0.23%"
"09/24/2024","86.630","86.400","86.680","86.280","0.35%"
"09/23/2024","86.330","86.310","86.640","86.310","0.16%"
"09/20/2024","86.190","86.390","86.510","86.150","-0.27%"
"09/19/2024","86.420","86.380","86.510","86.320","0.07%"
"09/18/2024","86.360","86.590","86.600","86.350","-0.28%"
"09/17/2024","86.600","86.690","86.950","86.590","-0.22%"
"09/16/2024","86.790","86.720","86.800","86.610","0.14%"
"09/13/2024","86.670","86.870","86.950","86.630","-0.06%"
"09/12/2024","86.720","86.760","86.840","86.550","-0.20%"
"09/11/2024","86.890","86.760","86.930","86.590","0.32%"
"09/10/2024","86.610","86.400","86.610","86.390","0.19%"
"09/09/2024","86.450","86.220","86.460","86.150","0.07%"
"09/06/2024","86.390","86.420","86.580","86.270","0.14%"
"09/05/2024","86.270","86.260","86.290","86.070","0.15%"
"09/04/2024","86.140","86.030","86.180","85.980","0.36%"
"09/03/2024","85.830","85.550","85.940","85.550","0.29%"
"09/02/2024","85.580","85.650","85.700","85.580","-0.27%"
"08/30/2024","85.810","86.020","86.040","85.810","-0.13%"
"08/29/2024","85.920","85.870","86.120","85.810","0.02%"
"08/28/2024","85.900","85.810","85.970","85.810","0.15%"
"08/27/2024","85.770","85.940","86.010","85.760","-0.23%"
"08/26/2024","85.970","86.060","86.060","85.880","-0.10%"
"08/23/2024","86.060","85.930","86.100","85.820","0.20%"
"08/22/2024","85.890","86.050","86.140","85.810","-0.13%"
"08/21/2024","86.000","85.950","86.060","85.900","0.07%"
"08/20/2024","85.940","85.800","85.940","85.780","0.24%"
"08/19/2024","85.730","85.830","85.890","85.670","0.05%"
"08/16/2024","85.690","85.720","85.900","85.670","0.02%"
"08/15/2024","85.670","86.090","86.100","85.630","-0.49%"
"08/14/2024","86.090","85.990","86.120","85.870","0.07%"
"08/13/2024","86.030","85.830","86.070","85.820","0.23%"
"08/12/2024","85.830","85.740","85.840","85.710","-0.02%"
"08/09/2024","85.850","85.600","85.890","85.640","0.27%"
"08/08/2024","85.620","85.830","85.910","85.540","0.07%"
"08/07/2024","85.560","86.050","85.740","85.430","-0.33%"
"08/06/2024","85.840","85.980","85.880","85.400","0.21%"
"08/05/2024","85.660","85.850","86.470","85.660","-0.28%"
"08/02/2024","85.900","85.930","86.220","85.800","0.25%"
"08/01/2024","85.690","85.540","85.790","85.480","0.32%"
"07/31/2024","85.420","85.390","85.440","85.280","0.23%"
"07/30/2024","85.220","85.190","85.260","85.060","0.14%"
"07/29/2024","85.100","85.010","85.180","85.010","0.16%"
"07/26/2024","84.960","84.700","85.020","84.640","0.12%"
"07/25/2024","84.860","84.780","85.010","84.740","0.17%"
"07/24/2024","84.720","84.800","84.920","84.660","0.01%"
"07/23/2024","84.710","84.560","84.850","84.560","0.21%"
"07/22/2024","84.530","84.720","84.720","84.530","-0.15%"
"07/19/2024","84.660","84.860","84.870","84.620","-0.31%"
"07/18/2024","84.920","84.780","84.920","84.640","0.18%"
"07/17/2024","84.770","84.810","84.860","84.680","0.01%"
"07/16/2024","84.760","84.650","84.840","84.650","0.22%"
"07/15/2024","84.570","84.490","84.570","84.390","0.19%"
"07/12/2024","84.410","84.580","84.540","84.390","-0.25%"
"07/11/2024","84.620","84.010","84.620","83.940","0.71%"
"07/10/2024","84.020","84.110","84.210","84.020","0.10%"
"07/09/2024","83.940","84.190","84.210","83.940","-0.37%"
"07/08/2024","84.250","84.000","84.270","83.950","0.18%"
"07/05/2024","84.100","83.820","84.100","83.760","0.47%"
"07/04/2024","83.710","83.690","83.750","83.610","0.01%"
"07/03/2024","83.700","83.610","83.800","83.490","0.17%"
"07/02/2024","83.560","83.590","83.620","83.460","0.11%"
"07/01/2024","83.470","83.330","83.510","83.110","-0.19%"
"06/28/2024","83.630","83.800","83.870","83.600","-0.21%"
"06/27/2024","83.810","83.840","83.960","83.760","-0.06%"
"06/26/2024","83.860","84.150","84.190","83.860","-0.36%"
"06/25/2024","84.160","84.170","84.280","84.110","0.08%"
"06/24/2024","84.090","84.090","84.140","83.930","0.37%"
"05/31/2024","83.780","84.010","83.840","83.530","0.00%"
"05/30/2024","83.780","83.810","83.850","83.670","0.10%"
"05/29/2024","83.700","84.200","84.070","83.700","-0.43%"
"05/28/2024","84.060","84.230","84.250","84.060","-0.15%"
"05/27/2024","84.190","84.000","84.250","83.930","0.25%"
"05/24/2024","83.980","84.010","84.100","83.870","0.01%"
"05/23/2024","83.970","84.330","84.400","83.890","-0.40%"
"05/22/2024","84.310","84.240","84.370","84.220","-0.18%"
"05/21/2024","84.460","84.350","84.510","84.340","0.18%"
"05/20/2024","84.310","84.230","84.340","84.220","0.02%"
"05/17/2024","84.290","84.600","84.600","84.290","-0.46%"
"05/16/2024","84.680","84.900","84.910","84.670","-0.17%"
"05/15/2024","84.820","84.350","84.860","84.350","0.70%"
"05/14/2024","84.230","84.440","84.540","84.220","-0.23%"
"05/13/2024","84.420","84.390","84.480","84.330","0.13%"
"05/10/2024","84.310","84.630","84.660","84.300","-0.22%"
"05/09/2024","84.500","84.590","84.690","84.480","-0.18%"
"05/08/2024","84.650","84.550","84.710","84.540","-0.14%"
"05/07/2024","84.770","84.550","84.830","84.690","0.18%"
"05/06/2024","84.620","84.550","84.780","84.540","0.18%"
"05/03/2024","84.470","84.550","84.790","84.300","0.31%"
"05/02/2024","84.210","84.550","84.230","84.000","0.31%"
"04/30/2024","83.950","84.550","84.270","83.910","-0.36%"
"04/29/2024","84.250","84.550","84.310","84.050","0.35%"
"04/26/2024","83.960","84.550","84.090","83.810","0.23%"
"04/25/2024","83.770","84.550","84.030","83.650","-0.19%"
"04/24/2024","83.930","84.550","84.230","83.890","-0.44%"
"04/23/2024","84.300","84.550","84.390","84.140","0.01%"
"04/22/2024","84.290","84.550","84.310","83.980","0.12%"
"04/19/2024","84.190","84.550","84.400","84.030","-0.02%"
"04/18/2024","84.210","84.550","84.510","84.210","-0.12%"
"04/17/2024","84.310","84.550","84.400","84.220","0.02%"
"04/16/2024","84.290","84.550","84.630","84.220","-0.30%"
"04/15/2024","84.540","84.880","84.860","84.530","-0.51%"
"04/12/2024","84.970","84.880","85.120","84.510","0.78%"
"04/11/2024","84.310","84.880","84.650","84.290","-0.30%"
"04/10/2024","84.560","84.880","85.090","84.540","-0.46%"
"04/09/2024","84.950","84.880","84.970","84.590","0.44%"
"04/08/2024","84.580","84.880","84.630","84.510","-0.25%"
"04/05/2024","84.790","84.880","84.910","84.700","-0.09%"
"04/04/2024","84.870","85.010","84.980","84.740","0.19%"
"04/03/2024","84.710","85.010","84.920","84.610","0.02%"
"04/02/2024","84.690","85.010","85.110","84.690","-0.63%"
"03/28/2024","85.230","85.010","85.250","85.070","-0.04%"
"03/27/2024","85.260","85.010","85.260","85.060","0.33%"
"03/26/2024","84.980","85.010","85.130","84.910","0.04%"
"03/25/2024","84.950","85.010","85.280","84.950","-0.33%"
"03/22/2024","85.230","85.010","85.370","85.080","0.29%"
"03/21/2024","84.980","85.010","85.080","84.800","0.27%"
"03/20/2024","84.750","85.010","84.910","84.740","0.07%"
"03/19/2024","84.690","85.010","84.770","84.600","0.15%"
"03/18/2024","84.560","85.010","84.650","84.530","-0.12%"
"03/15/2024","84.660","85.010","84.690","84.570","-0.07%"
"03/14/2024","84.720","85.010","84.970","84.630","-0.26%"
"03/13/2024","84.940","84.580","85.130","84.860","-0.08%"
"03/12/2024","85.010","84.580","85.350","84.960","-0.30%"
"03/11/2024","85.270","84.580","85.520","85.190","-0.21%"
"03/08/2024","85.450","84.580","85.580","85.250","0.32%"
"03/07/2024","85.180","84.580","85.360","84.890","0.32%"
"03/06/2024","84.910","84.580","85.000","84.770","-0.05%"
"03/05/2024","84.950","84.580","85.080","84.610","0.52%"
"03/04/2024","84.510","84.580","84.720","84.510","-0.05%"
"03/01/2024","84.550","84.580","84.680","84.220","0.02%"
"02/29/2024","84.530","84.580","84.530","83.960","0.40%"
"02/28/2024","84.190","84.580","84.330","84.190","-0.05%"
"02/27/2024","84.230","84.580","84.450","84.230","-0.11%"
"02/26/2024","84.320","84.580","84.780","84.320","-0.46%"
"02/23/2024","84.710","84.580","84.710","84.100","0.45%"
"02/22/2024","84.330","84.580","84.430","84.000","0.08%"
"02/21/2024","84.260","84.580","84.790","84.260","-0.61%"
"02/20/2024","84.780","84.580","84.840","84.550","0.34%"
"02/19/2024","84.490","84.580","84.540","84.410","0.05%"
"02/16/2024","84.450","84.580","84.620","84.370","-0.34%"
"02/15/2024","84.740","84.580","85.000","84.740","0.00%"
"02/14/2024","84.740","84.580","84.740","84.560","0.30%"
"02/13/2024","84.490","84.580","84.910","84.490","-0.27%"
"02/12/2024","84.720","84.580","84.800","84.630","0.21%"
"02/09/2024","84.540","85.110","84.840","84.520","-0.24%"
"02/08/2024","84.740","85.110","85.030","84.730","-0.25%"
"02/07/2024","84.950","85.120","85.170","84.950","-0.12%"
"02/06/2024","85.050","85.120","85.130","84.870","0.15%"
"02/05/2024","84.920","85.120","85.180","84.900","-0.55%"
"02/02/2024","85.390","85.120","85.630","85.130","-0.49%"
"02/01/2024","85.810","85.120","86.020","85.560","-0.06%"
"01/31/2024","85.860","85.120","85.990","85.490","0.62%"
"01/30/2024","85.330","85.120","85.560","85.230","-0.23%"
"01/29/2024","85.530","85.120","85.630","85.420","0.48%"
"01/26/2024","85.120","85.440","85.380","85.050","-0.05%"
"01/25/2024","85.160","85.440","85.240","84.720","0.39%"
"01/24/2024","84.830","85.440","85.080","84.830","0.02%"
"01/23/2024","84.810","85.440","85.090","84.810","-0.34%"
"01/22/2024","85.100","85.440","85.170","84.980","0.27%"
"01/19/2024","84.870","85.440","85.000","84.740","0.01%"
"01/18/2024","84.860","85.440","85.090","84.860","-0.11%"
"01/17/2024","84.950","85.440","85.240","84.850","-0.49%"
"01/16/2024","85.370","85.440","85.580","85.330","-0.06%"
"01/15/2024","85.420","85.690","85.620","85.340","-0.30%"
"01/12/2024","85.680","85.690","85.830","85.530","0.40%"
"01/11/2024","85.340","85.690","85.530","85.320","0.07%"
"01/10/2024","85.280","85.690","85.510","85.280","-0.12%"
"01/09/2024","85.380","85.690","85.530","85.380","-0.41%"
"01/08/2024","85.730","85.690","85.760","85.230","0.21%"
"01/05/2024","85.550","85.690","85.670","85.270","-0.26%"
"01/04/2024","85.770","85.600","86.490","85.740","-0.68%"
"01/03/2024","86.360","85.600","86.360","85.980","0.28%"
"01/02/2024","86.120","85.600","86.240","85.940","-0.31%"
"12/29/2023","86.390","85.600","86.800","86.370","-0.40%"
"12/28/2023","86.740","85.600","87.090","86.720","-0.39%"
"12/27/2023","87.080","85.600","87.090","86.600","0.57%"
"12/22/2023","86.590","85.600","86.820","86.540","-0.08%"
"12/21/2023","86.660","85.600","86.760","86.490","0.21%"
"12/20/2023","86.480","85.600","86.590","86.380","0.23%"
"12/19/2023","86.280","85.600","86.280","85.970","0.54%"
"12/18/2023","85.820","85.600","86.170","85.820","-0.38%"
"12/15/2023","86.150","85.600","86.150","85.570","0.60%"
"12/14/2023","85.640","85.130","86.050","85.390","0.56%"
"12/13/2023","85.160","82.880","85.160","84.960","0.29%"
"12/12/2023","84.910","82.880","85.040","84.830","0.25%"
"12/11/2023","84.700","82.880","84.750","84.610","0.09%"
"12/08/2023","84.620","82.880","85.140","84.620","-0.73%"
"12/07/2023","85.240","82.880","85.240","84.990","0.27%"
"12/06/2023","85.010","82.880","85.040","84.690","0.18%"
"12/05/2023","84.860","82.880","84.880","84.540","0.57%"
"12/04/2023","84.380","82.880","84.600","84.220","0.02%"
"12/01/2023","84.360","82.880","84.430","83.720","0.80%"
"11/30/2023","83.690","82.880","84.070","83.500","-0.20%"
"11/29/2023","83.860","82.880","83.890","83.570","0.56%"
"11/28/2023","83.390","82.880","83.400","83.070","0.43%"
"11/27/2023","83.030","82.880","83.070","82.590","0.56%"
"11/24/2023","82.570","82.880","82.580","82.470","-0.06%"
"11/23/2023","82.620","82.880","82.890","82.600","-0.33%"
"11/22/2023","82.890","82.880","83.130","82.830","-0.14%"
"11/21/2023","83.010","82.880","83.030","82.740","0.44%"
"11/20/2023","82.650","82.880","82.790","82.580","-0.21%"
"11/17/2023","82.820","82.580","83.240","82.800","-0.12%"
"11/16/2023","82.920","82.580","82.990","82.600","0.45%"
"11/15/2023","82.550","82.580","82.670","82.370","-0.18%"
"11/14/2023","82.700","82.290","82.700","82.020","0.80%"
"11/13/2023","82.040","82.290","82.040","81.790","0.09%"
"11/10/2023","81.970","82.290","82.070","81.820","-0.33%"
"11/09/2023","82.240","82.530","82.500","82.210","-0.35%"
"11/08/2023","82.530","82.230","82.540","82.210","0.30%"
"11/07/2023","82.280","82.430","82.280","81.960","0.35%"
"11/06/2023","81.990","82.430","82.300","81.980","-0.46%"
"11/03/2023","82.370","81.580","82.490","82.000","0.30%"
"11/02/2023","82.120","81.580","82.280","81.990","0.27%"
"11/01/2023","81.900","81.580","81.930","81.490","0.29%"
"10/31/2023","81.660","81.580","81.870","81.660","0.11%"
"10/30/2023","81.570","81.580","81.780","81.400","0.16%"
"10/27/2023","81.440","81.580","81.440","81.220","0.23%"
"10/26/2023","81.250","81.580","81.350","80.890","0.28%"
"10/25/2023","81.020","81.580","81.240","81.020","-0.21%"
"10/24/2023","81.190","81.580","81.380","81.170","0.21%"
"10/23/2023","81.020","81.580","81.020","80.600","0.15%"
"10/20/2023","80.900","81.580","80.970","80.710","0.31%"
"10/19/2023","80.650","81.580","80.710","80.530","-0.01%"
"10/18/2023","80.660","81.580","80.940","80.630","-0.23%"
"10/17/2023","80.850","81.580","81.250","80.780","-0.55%"
"10/16/2023","81.300","81.580","81.330","81.190","-0.18%"
"10/13/2023","81.450","81.580","81.740","81.380","0.14%"
"10/12/2023","81.340","81.580","81.720","81.340","-0.36%"
"10/11/2023","81.630","80.810","81.630","81.310","0.31%"
"10/10/2023","81.380","80.810","81.380","81.020","0.02%"
"10/09/2023","81.360","80.810","81.370","80.880","0.73%"
"10/06/2023","80.770","80.810","80.850","80.570","-0.07%"
"10/05/2023","80.830","80.810","80.850","80.500","0.35%"
"10/04/2023","80.550","80.810","80.600","80.310","0.02%"
"10/03/2023","80.530","80.810","80.790","80.530","-0.17%"
"10/02/2023","80.670","81.230","80.910","80.670","-0.23%"
"09/29/2023","80.860","81.230","81.010","80.640","0.79%"
"09/28/2023","80.230","81.230","80.850","80.180","-0.85%"
"09/27/2023","80.920","81.230","81.290","80.920","-0.33%"
"09/26/2023","81.190","81.410","81.340","81.110","-0.06%"
"09/25/2023","81.240","81.410","81.400","81.150","-0.25%"
"09/22/2023","81.440","81.530","81.670","81.290","0.10%"
"09/21/2023","81.360","81.530","81.400","81.170","-0.21%"
"09/20/2023","81.530","81.680","81.530","81.300","0.27%"
"09/19/2023","81.310","81.680","81.500","81.230","-0.17%"
"09/18/2023","81.450","81.680","81.680","81.400","-0.26%"
"09/15/2023","81.660","82.010","82.110","81.630","-0.38%"
"09/14/2023","81.970","81.820","82.180","81.730","0.20%"
"09/13/2023","81.810","81.900","81.900","81.630","0.00%"
"09/12/2023","81.810","82.000","82.070","81.770","-0.16%"
"09/11/2023","81.940","82.190","82.190","81.920","-0.11%"
"09/08/2023","82.030","82.040","82.270","82.020","-0.06%"
"09/07/2023","82.080","82.020","82.100","81.730","0.42%"
"09/06/2023","81.740","82.160","82.160","81.720","-0.41%"
"09/05/2023","82.080","82.080","82.080","82.080","-0.22%"
"09/04/2023","82.260","82.590","82.590","82.220","-0.29%"
"09/01/2023","82.500","82.760","82.910","82.450","-0.39%"
"08/31/2023","82.820","82.410","82.850","82.230","0.71%"
"08/30/2023","82.240","82.250","82.420","82.110","-0.23%"
"08/29/2023","82.430","82.110","82.550","82.090","0.35%"
"08/28/2023","82.140","82.330","82.330","82.030","-0.09%"
"08/25/2023","82.210","82.450","82.450","82.150","-0.28%"
"08/24/2023","82.440","82.410","82.750","82.330","-0.06%"
"08/23/2023","82.490","81.610","82.500","81.610","1.02%"
"08/22/2023","81.660","81.480","81.750","81.380","0.28%"
"08/21/2023","81.430","81.820","81.820","81.350","-0.42%"
"08/18/2023","81.770","81.470","81.970","81.470","0.32%"
"08/17/2023","81.510","81.520","81.520","81.260","0.07%"
"08/16/2023","81.450","81.600","81.830","81.430","-0.13%"
"08/15/2023","81.560","81.620","81.690","81.080","-0.01%"
"08/14/2023","81.570","81.890","81.980","81.570","-0.27%"
"08/11/2023","81.790","82.440","82.440","81.770","-0.37%"
"08/10/2023","82.090","82.450","82.490","82.080","-0.39%"
"08/09/2023","82.410","82.870","82.870","82.400","-0.39%"
"08/08/2023","82.730","82.070","82.840","82.070","0.79%"
"08/07/2023","82.080","82.250","82.360","81.910","-0.27%"
"08/04/2023","82.300","82.050","82.320","81.720","0.38%"
"08/03/2023","81.990","82.380","82.380","81.960","-0.41%"
"08/02/2023","82.330","82.240","82.430","82.140","0.29%"
"08/01/2023","82.090","82.280","82.400","82.020","-0.32%"
"07/31/2023","82.350","82.390","82.400","82.140","0.02%"
"07/28/2023","82.330","82.630","82.630","82.020","0.15%"
"07/27/2023","82.210","82.450","82.880","82.110","-0.33%"
"07/26/2023","82.480","82.540","82.580","82.240","-0.11%"
"07/25/2023","82.570","82.790","82.790","82.400","0.01%"
"07/24/2023","82.560","82.340","82.780","82.180","0.41%"
"07/21/2023","82.220","82.330","82.410","82.160","0.00%"
"07/20/2023","82.220","82.730","82.730","82.150","-0.54%"
"07/19/2023","82.670","82.830","83.190","82.510","0.00%"
"07/18/2023","82.670","82.140","82.850","82.140","0.63%"
"07/17/2023","82.150","82.160","82.360","81.990","0.21%"
"07/14/2023","81.980","82.280","82.330","81.940","-0.41%"
"07/13/2023","82.320","81.470","82.330","81.470","0.85%"
"07/12/2023","81.630","81.130","81.670","81.130","0.62%"
"07/11/2023","81.130","81.220","81.470","81.120","-0.17%"
"07/10/2023","81.270","81.210","81.300","81.000","0.12%"
"07/07/2023","81.170","81.350","81.450","81.080","-0.20%"
"07/06/2023","81.330","81.950","82.000","81.140","-0.71%"
"07/05/2023","81.910","82.120","82.390","81.910","-0.33%"
"07/04/2023","82.180","82.130","82.200","81.890","0.07%"
"07/03/2023","82.120","82.420","82.590","82.090","-0.38%"
"06/30/2023","82.430","82.340","82.470","82.150","0.05%"
"06/29/2023","82.390","82.920","82.920","82.230","-0.69%"
"06/28/2023","82.960","82.670","83.010","82.530","0.40%"
"06/27/2023","82.630","82.860","82.980","82.560","-0.42%"
"06/26/2023","82.980","82.660","83.010","82.580","0.42%"
"06/23/2023","82.630","81.900","82.860","81.900","0.88%"
"06/22/2023","81.910","82.350","82.410","81.760","-0.57%"
"06/21/2023","82.380","82.540","82.540","82.190","-0.08%"
"06/20/2023","82.450","81.880","82.540","81.880","0.61%"
"06/19/2023","81.950","82.240","82.420","81.860","-0.41%"
"06/16/2023","82.290","82.080","82.320","81.800","0.21%"
"06/15/2023","82.120","82.320","82.320","81.710","-0.17%"
"06/14/2023","82.260","82.470","82.510","82.200","-0.12%"
"06/13/2023","82.360","82.810","82.980","82.360","-0.64%"
"06/12/2023","82.890","82.690","83.050","82.570","0.22%"
"06/09/2023","82.710","82.530","82.790","82.440","0.11%"
"06/08/2023","82.620","82.300","82.650","82.150","0.40%"
"06/07/2023","82.290","82.880","82.960","82.240","-0.80%"
"06/06/2023","82.950","82.670","83.130","82.580","0.31%"
"06/05/2023","82.690","83.030","83.030","82.600","-0.36%"
"06/02/2023","82.990","83.390","83.390","82.990","-0.49%"
"06/01/2023","83.400","83.130","83.410","82.930","0.29%"
"05/31/2023","83.160","82.980","83.520","82.980","0.22%"
"05/30/2023","82.980","82.130","83.010","82.070","1.06%"
"05/29/2023","82.110","81.660","82.200","81.560","0.49%"
"05/26/2023","81.710","81.770","81.930","81.560","0.00%"
"05/25/2023","81.710","81.970","82.210","81.700","-0.38%"
"05/24/2023","82.020","82.070","82.230","81.780","-0.11%"
"05/23/2023","82.110","82.040","82.110","81.760","0.09%"
"05/22/2023","82.040","82.220","82.370","81.980","-0.17%"
"05/19/2023","82.180","82.120","82.270","81.830","0.17%"
"05/18/2023","82.040","82.770","82.770","82.030","-0.82%"
"05/17/2023","82.720","82.680","82.980","82.670","-0.05%"
"05/16/2023","82.760","82.960","83.330","82.670","-0.40%"
"05/15/2023","83.090","83.270","83.290","82.950","-0.18%"
"05/12/2023","83.240","83.210","83.340","82.890","0.14%"
"05/11/2023","83.120","83.150","83.720","83.030","-0.01%"
"05/10/2023","83.130","82.750","83.190","82.590","0.57%"
"05/09/2023","82.660","82.890","82.980","82.660","-0.17%"
"05/08/2023","82.800","83.090","83.120","82.710","-0.40%"
"05/05/2023","83.130","83.440","83.440","82.810","-0.26%"
"05/04/2023","83.350","83.240","83.500","82.920","0.16%"
"05/03/2023","83.220","82.960","83.220","82.840","0.33%"
"05/02/2023","82.950","82.820","83.020","82.250","0.16%"
"05/01/2023","82.820","82.840","82.880","82.790","0.00%"
"04/28/2023","82.820","82.130","82.910","81.960","0.93%"
"04/27/2023","82.060","82.310","82.400","82.010","-0.33%"
"04/26/2023","82.330","82.240","82.700","82.220","-0.08%"
"04/25/2023","82.400","81.570","82.470","81.570","0.98%"
"04/24/2023","81.600","81.790","82.000","81.560","-0.18%"
"04/21/2023","81.750","82.060","82.110","81.660","-0.28%"
"04/20/2023","81.980","81.680","82.020","81.660","0.33%"
"04/19/2023","81.710","81.740","81.780","81.520","-0.10%"
"04/18/2023","81.790","81.770","82.100","81.710","-0.11%"
"04/17/2023","81.880","82.040","82.140","81.750","-0.24%"
"04/14/2023","82.080","82.500","82.530","82.000","-0.47%"
"04/13/2023","82.470","82.480","82.740","82.300","-0.05%"
"04/12/2023","82.510","82.740","82.960","82.240","-0.34%"
"04/11/2023","82.790","83.570","83.570","82.710","-0.92%"
"04/10/2023","83.560","83.570","83.570","83.560","-0.01%"
"04/07/2023","83.570","83.590","83.590","83.490","-0.05%"
"04/06/2023","83.610","83.740","84.010","83.540","-0.05%"
"04/05/2023","83.650","83.080","83.750","82.710","0.78%"
"04/04/2023","83.000","83.120","83.120","82.570","-0.07%"
"04/03/2023","83.060","83.080","83.340","82.640","-0.06%"
"03/31/2023","83.110","82.420","83.130","82.070","0.82%"
"03/30/2023","82.430","82.670","83.250","82.250","-0.31%"
"03/29/2023","82.690","82.860","83.050","82.650","-0.24%"
"03/28/2023","82.890","83.030","83.030","82.590","-0.14%"
"03/27/2023","83.010","83.550","83.580","82.820","-0.62%"
"03/24/2023","83.530","83.350","84.410","83.350","0.13%"
"03/23/2023","83.420","82.360","83.440","82.250","1.29%"
"03/22/2023","82.360","82.830","82.830","82.090","-0.51%"
"03/21/2023","82.780","83.780","84.020","82.780","-1.23%"
"03/20/2023","83.810","83.760","84.830","83.700","0.01%"
"03/17/2023","83.800","82.470","83.940","82.390","1.63%"
"03/16/2023","82.460","83.320","83.720","82.380","-1.03%"
"03/15/2023","83.320","81.780","83.720","81.310","2.03%"
"03/14/2023","81.660","82.660","83.170","81.570","-1.26%"
"03/13/2023","82.700","81.450","83.230","81.450","1.56%"
"03/10/2023","81.430","80.500","81.670","80.490","1.03%"
"03/09/2023","80.600","80.450","80.600","80.120","0.24%"
"03/08/2023","80.410","80.240","80.580","79.980","0.37%"
"03/07/2023","80.110","79.850","80.430","79.840","0.18%"
"03/06/2023","79.970","80.070","80.450","79.850","-0.16%"
"03/03/2023","80.100","80.020","80.290","79.920","0.10%"
"03/02/2023","80.020","80.250","80.350","79.920","-0.15%"
"03/01/2023","80.140","80.570","80.570","80.000","-0.58%"
"02/28/2023","80.610","80.960","80.990","80.230","-0.47%"
"02/27/2023","80.990","81.170","81.300","80.860","-0.27%"
"02/24/2023","81.210","81.590","81.880","80.970","-0.51%"
"02/23/2023","81.630","81.390","81.680","81.210","0.41%"
"02/22/2023","81.300","81.260","81.430","81.050","0.16%"
"02/21/2023","81.170","81.680","81.680","81.160","-0.61%"
"02/20/2023","81.670","81.940","81.950","81.670","-0.34%"
"02/17/2023","81.950","81.640","81.960","81.150","0.43%"
"02/16/2023","81.600","81.720","81.900","81.450","-0.20%"
"02/15/2023","81.760","81.950","82.160","81.650","-0.30%"
"02/14/2023","82.010","82.390","82.630","81.930","-0.50%"
"02/13/2023","82.420","82.380","82.510","82.180","0.06%"
"02/10/2023","82.370","82.800","82.800","82.320","-0.42%"
"02/09/2023","82.720","82.600","83.080","82.600","0.16%"
"02/08/2023","82.590","82.540","82.660","82.360","-0.19%"
"02/07/2023","82.750","82.860","82.980","82.490","-0.17%"
"02/06/2023","82.890","83.630","83.630","82.850","-0.83%"
"02/03/2023","83.580","84.440","84.440","83.520","-0.82%"
"02/02/2023","84.270","82.920","84.520","82.920","1.60%"
"02/01/2023","82.940","82.920","83.140","82.770","-0.10%"
"01/31/2023","83.020","82.650","83.020","82.620","0.39%"
"01/30/2023","82.700","83.110","83.310","82.580","-0.57%"
"01/27/2023","83.170","83.450","83.450","82.950","-0.30%"
"01/26/2023","83.420","83.760","83.800","83.350","-0.41%"
"01/25/2023","83.760","83.580","84.030","83.540","0.18%"
"01/24/2023","83.610","83.350","83.650","83.320","0.36%"
"01/23/2023","83.310","83.710","83.750","83.280","-0.35%"
"01/20/2023","83.600","84.220","84.280","83.580","-0.81%"
"01/19/2023","84.280","84.510","84.830","84.110","-0.39%"
"01/18/2023","84.610","84.130","84.950","84.080","0.46%"
"01/17/2023","84.220","83.490","84.270","83.270","0.89%"
"01/16/2023","83.480","83.450","83.520","83.090","0.12%"
"01/13/2023","83.380","83.620","83.910","83.370","-0.22%"
"01/12/2023","83.560","83.310","83.950","83.150","0.43%"
"01/11/2023","83.200","82.460","83.320","82.460","0.80%"
"01/10/2023","82.540","82.870","82.870","82.350","-0.40%"
"01/09/2023","82.870","83.000","83.000","82.570","-0.23%"
"01/06/2023","83.060","82.470","83.130","82.230","0.84%"
"01/05/2023","82.370","82.560","82.610","82.180","-0.23%"
"01/04/2023","82.560","81.750","82.650","81.660","0.98%"
"01/03/2023","81.760","81.430","81.980","81.180","0.37%"
"01/02/2023","81.460","80.790","81.620","80.780","0.84%"
"12/30/2022","80.780","81.420","81.420","80.770","-0.69%"
"12/29/2022","81.340","81.080","81.460","81.000","0.46%"
"12/28/2022","80.970","81.020","81.340","80.970","-0.06%"
"12/27/2022","81.020","81.710","81.710","80.960","-0.83%"
"12/26/2022","81.700","81.660","81.700","81.660","0.02%"
"12/23/2022","81.680","81.810","81.870","81.380","-0.17%"
"12/22/2022","81.820","82.210","82.390","81.720","-0.47%"
"12/21/2022","82.210","82.350","82.450","82.170","-0.12%"
"12/20/2022","82.310","82.860","82.890","82.190","-0.75%"
"12/19/2022","82.930","83.170","83.210","82.790","-0.34%"
"12/16/2022","83.210","83.670","83.670","82.780","-0.50%"
"12/15/2022","83.630","84.740","84.890","83.390","-1.23%"
"12/14/2022","84.670","84.830","85.170","84.510","-0.26%"
"12/13/2022","84.890","84.560","85.200","84.340","0.50%"
"12/12/2022","84.470","84.740","85.030","84.460","-0.30%"
"12/09/2022","84.720","85.440","85.440","84.710","-0.82%"
"12/08/2022","85.420","85.820","85.850","85.360","-0.36%"
"12/07/2022","85.730","85.650","85.930","85.420","0.05%"
"12/06/2022","85.690","85.230","85.760","85.030","0.60%"
"12/05/2022","85.180","85.330","85.550","85.130","-0.29%"
"12/02/2022","85.430","85.780","86.030","85.300","-0.40%"
"12/01/2022","85.770","84.740","85.790","84.740","1.18%"
"11/30/2022","84.770","84.740","84.860","84.510","-0.05%"
"11/29/2022","84.810","84.450","85.160","84.390","0.35%"
"11/28/2022","84.510","84.650","85.120","84.370","-0.14%"
"11/25/2022","84.630","85.020","85.020","84.130","-0.49%"
"11/24/2022","85.050","85.080","85.830","85.000","-0.08%"
"11/23/2022","85.120","84.720","85.150","84.460","0.50%"
"11/22/2022","84.700","84.570","84.740","84.390","0.08%"
"11/21/2022","84.630","84.420","84.820","84.220","0.23%"
"11/18/2022","84.440","84.260","84.530","83.870","0.18%"
"11/17/2022","84.290","84.430","84.680","84.140","-0.12%"
"11/16/2022","84.390","83.870","84.550","83.690","0.63%"
"11/15/2022","83.860","83.570","84.100","83.500","0.43%"
"11/14/2022","83.500","83.540","83.870","83.430","-0.04%"
"11/11/2022","83.530","84.510","84.530","83.440","-1.15%"
"11/10/2022","84.500","83.380","84.700","83.170","1.31%"
"11/09/2022","83.410","82.710","83.410","82.700","0.81%"
"11/08/2022","82.740","82.340","82.840","82.130","0.53%"
"11/07/2022","82.300","82.630","82.790","82.290","-0.39%"
"11/04/2022","82.620","83.140","83.370","82.540","-0.60%"
"11/03/2022","83.120","83.520","83.520","82.640","-0.36%"
"11/02/2022","83.420","83.640","83.740","83.420","-0.29%"
"11/01/2022","83.660","83.510","84.240","83.500","0.17%"
"10/31/2022","83.520","83.860","83.890","83.420","-0.42%"
"10/28/2022","83.870","84.560","84.600","83.360","-0.90%"
"10/27/2022","84.630","83.580","84.650","83.000","1.33%"
"10/26/2022","83.520","83.290","83.570","83.040","0.28%"
"10/25/2022","83.290","82.470","83.410","82.380","1.08%"
"10/24/2022","82.400","81.980","82.580","81.850","0.62%"
"10/21/2022","81.890","81.720","82.010","81.100","0.17%"
"10/20/2022","81.750","81.840","81.890","81.310","-0.04%"
"10/19/2022","81.780","82.540","82.540","81.780","-0.81%"
"10/18/2022","82.450","82.510","82.790","82.090","-0.11%"
"10/17/2022","82.540","82.050","82.800","82.040","0.55%"
"10/14/2022","82.090","82.480","83.220","81.940","-0.55%"
"10/13/2022","82.540","82.450","82.830","81.730","0.40%"
"10/12/2022","82.210","82.250","82.440","81.570","0.07%"
"10/11/2022","82.150","82.320","82.570","82.030","-0.35%"
"10/10/2022","82.440","82.930","83.250","82.210","-0.58%"
"10/07/2022","82.920","83.470","83.470","82.760","-0.64%"
"10/06/2022","83.450","84.030","84.050","83.390","-0.70%"
"10/05/2022","84.040","84.750","84.750","83.910","-0.74%"
"10/04/2022","84.670","84.660","85.600","84.610","0.01%"
"10/03/2022","84.660","83.320","84.780","83.040","1.67%"
"09/30/2022","83.270","82.900","83.600","82.880","0.59%"
"09/29/2022","82.780","83.080","83.080","82.310","-0.25%"
"09/28/2022","82.990","82.380","83.170","81.920","0.59%"
"09/27/2022","82.500","83.000","83.650","82.370","-0.58%"
"09/26/2022","82.980","83.800","83.800","82.940","-0.85%"
"09/23/2022","83.690","84.150","84.520","83.250","-0.58%"
"09/22/2022","84.180","84.710","85.020","84.040","-0.67%"
"09/21/2022","84.750","84.550","85.020","84.550","0.28%"
"09/20/2022","84.510","85.430","85.430","84.350","-1.05%"
"09/19/2022","85.410","85.650","85.650","85.230","-0.29%"
"09/16/2022","85.660","85.430","85.680","85.090","0.18%"
"09/15/2022","85.510","85.890","85.960","85.420","-0.49%"
"09/14/2022","85.930","85.860","86.060","85.450","-0.02%"
"09/13/2022","85.950","86.360","86.430","85.720","-0.42%"
"09/12/2022","86.310","85.970","86.480","85.790","0.27%"
"09/09/2022","86.080","85.830","86.290","85.540","0.02%"
"09/08/2022","86.060","87.090","87.320","85.830","-1.16%"
"09/07/2022","87.070","86.500","87.230","86.500","0.51%"
"09/06/2022","86.630","86.800","87.340","86.360","-0.21%"
"09/05/2022","86.810","87.080","87.250","86.570","-0.23%"
"09/02/2022","87.010","86.750","87.430","86.580","0.28%"
"09/01/2022","86.770","86.900","86.900","86.290","-0.07%"
"08/31/2022","86.830","86.990","87.260","86.280","-0.22%"
"08/30/2022","87.020","87.040","87.450","86.680","-0.07%"
"08/29/2022","87.080","87.570","87.570","86.630","-0.71%"
"08/26/2022","87.700","88.440","88.440","87.560","-0.86%"
"08/25/2022","88.460","87.910","88.460","87.890","0.57%"
"08/24/2022","87.960","88.370","88.390","87.770","-0.44%"
"08/23/2022","88.350","88.270","88.660","87.990","0.02%"
"08/22/2022","88.330","89.150","89.410","88.250","-0.94%"
"08/19/2022","89.170","89.910","89.910","88.980","-0.76%"
"08/18/2022","89.850","89.920","90.150","89.590","-0.10%"
"08/17/2022","89.940","90.980","90.980","89.810","-1.16%"
"08/16/2022","91.000","91.470","91.470","90.660","-0.44%"
"08/15/2022","91.400","90.830","91.510","90.650","0.66%"
"08/12/2022","90.800","90.970","90.970","90.540","-0.04%"
"08/11/2022","90.840","91.310","91.670","90.840","-0.45%"
"08/10/2022","91.250","91.160","91.650","91.040","0.10%"
"08/09/2022","91.160","91.380","91.510","90.890","-0.23%"
"08/08/2022","91.370","91.200","91.650","91.200","0.15%"
"08/05/2022","91.230","92.090","92.090","91.140","-0.91%"
"08/04/2022","92.070","91.550","92.160","91.320","0.57%"
"08/03/2022","91.550","91.820","91.950","91.120","-0.38%"
"08/02/2022","91.900","91.970","92.680","91.760","-0.15%"
"08/01/2022","92.040","92.030","92.240","91.500","0.15%"
"07/29/2022","91.900","93.070","93.220","91.170","-1.34%"
"07/28/2022","93.150","90.950","93.320","90.710","2.37%"
"07/27/2022","90.990","90.920","91.120","90.550","0.18%"
"07/26/2022","90.830","90.350","91.080","90.270","0.53%"
"07/25/2022","90.350","90.200","90.370","89.800","0.18%"
"07/22/2022","90.190","88.700","90.430","88.700","1.58%"
"07/21/2022","88.790","88.310","88.920","87.860","0.41%"
"07/20/2022","88.430","88.340","89.130","88.270","0.12%"
"07/19/2022","88.320","88.900","89.150","88.290","-0.71%"
"07/18/2022","88.950","89.450","89.450","88.710","-0.47%"
"07/15/2022","89.370","89.230","89.910","89.050","0.07%"
"07/14/2022","89.310","89.350","89.370","88.450","-0.11%"
"07/13/2022","89.410","89.530","89.560","88.970","-0.11%"
"07/12/2022","89.510","88.650","89.710","88.610","0.99%"
"07/11/2022","88.630","88.000","88.890","87.940","0.68%"
"07/08/2022","88.030","88.190","88.560","87.930","-0.22%"
"07/07/2022","88.220","88.720","88.720","88.030","-0.68%"
"07/06/2022","88.820","89.130","89.340","88.610","-0.26%"
"07/05/2022","89.050","87.610","89.210","87.590","1.56%"
"07/04/2022","87.680","89.870","89.970","87.540","-2.53%"
"07/01/2022","89.960","87.920","90.140","87.410","2.60%"
"06/30/2022","87.680","86.800","87.960","86.800","0.98%"
"06/29/2022","86.830","85.970","86.930","85.940","0.95%"
"06/28/2022","86.010","86.540","86.590","85.750","-0.62%"
"06/27/2022","86.550","87.400","87.400","86.460","-0.97%"
"06/24/2022","87.400","87.340","87.780","86.980","0.16%"
"06/23/2022","87.260","85.950","87.580","85.800","1.45%"
"06/22/2022","86.010","84.720","86.130","84.720","1.45%"
"06/21/2022","84.780","84.990","85.260","84.540","-0.26%"
"06/20/2022","85.000","85.850","85.870","84.960","-0.82%"
"06/17/2022","85.700","85.110","86.020","84.980","0.45%"
"06/16/2022","85.320","85.620","85.860","84.010","-0.44%"
"06/15/2022","85.700","84.310","86.040","84.310","1.72%"
"06/14/2022","84.250","85.210","85.440","84.240","-1.02%"
"06/13/2022","85.120","86.340","86.440","85.120","-1.55%"
"06/10/2022","86.460","87.170","87.290","86.310","-0.81%"
"06/09/2022","87.170","87.930","88.060","87.010","-0.76%"
"06/08/2022","87.840","88.360","88.360","87.840","-0.51%"
"06/07/2022","88.290","88.240","88.520","88.120","0.10%"
"06/06/2022","88.200","88.400","88.620","88.160","-0.27%"
"06/03/2022","88.440","88.780","88.870","88.280","-0.44%"
"06/02/2022","88.830","89.080","89.120","88.610","-0.36%"
"06/01/2022","89.150","89.710","89.770","89.030","-0.57%"
"05/31/2022","89.660","90.090","90.260","89.350","-0.54%"
"05/30/2022","90.150","90.690","90.760","89.940","-0.66%"
"05/27/2022","90.750","90.540","90.940","90.490","0.14%"
"05/26/2022","90.620","90.600","91.150","90.490","-0.07%"
"05/25/2022","90.680","90.450","90.920","90.400","0.21%"
"05/24/2022","90.490","90.220","90.590","90.090","0.25%"
"05/23/2022","90.260","90.820","90.900","90.170","-0.61%"
"05/20/2022","90.810","90.870","90.910","90.370","0.23%"
"05/19/2022","90.600","90.210","91.220","90.020","0.41%"
"05/18/2022","90.230","90.120","90.270","89.740","0.17%"
"05/17/2022","90.080","90.840","90.880","89.950","-0.78%"
"05/16/2022","90.790","90.820","90.930","90.160","-0.07%"
"05/13/2022","90.850","91.440","91.540","90.680","-0.59%"
"05/12/2022","91.390","90.720","91.550","90.490","0.98%"
"05/11/2022","90.500","90.030","90.770","89.500","0.65%"
"05/10/2022","89.920","89.310","90.090","89.260","0.53%"
"05/09/2022","89.450","89.250","89.470","88.710","0.19%"
"05/06/2022","89.280","89.680","89.930","89.010","-0.62%"
"05/05/2022","89.840","90.230","90.770","89.670","-0.45%"
"05/04/2022","90.250","90.280","90.430","89.840","-0.09%"
"05/03/2022","90.330","90.210","90.750","89.870","0.13%"
"05/02/2022","90.210","90.530","90.740","90.150","-0.39%"
"04/29/2022","90.560","90.900","91.140","90.490","-0.51%"
"04/28/2022","91.020","91.690","91.950","90.880","-0.63%"
"04/27/2022","91.600","91.500","91.740","91.240","-0.03%"
"04/26/2022","91.630","91.470","91.720","91.130","0.07%"
"04/25/2022","91.570","90.880","91.570","90.820","0.76%"
"04/22/2022","90.880","90.780","91.080","90.730","-0.05%"
"04/21/2022","90.930","91.490","91.510","90.760","-0.64%"
"04/20/2022","91.520","91.020","91.670","90.840","0.60%"
"04/19/2022","90.970","91.360","91.370","90.850","-0.42%"
"04/18/2022","91.350","91.310","91.350","91.310","0.04%"
"04/15/2022","91.310","91.360","91.360","91.310","-0.07%"
"04/14/2022","91.370","91.720","92.010","91.310","-0.28%"
"04/13/2022","91.630","91.750","91.830","91.170","0.09%"
"04/12/2022","91.550","91.350","91.820","91.010","0.13%"
"04/11/2022","91.430","91.800","91.840","91.330","-0.35%"
"04/08/2022","91.750","92.040","92.180","91.620","-0.34%"
"04/07/2022","92.060","92.450","92.790","91.870","-0.38%"
"04/06/2022","92.410","92.620","92.620","92.070","-0.25%"
"04/05/2022","92.640","93.580","93.600","92.550","-0.95%"
"04/04/2022","93.530","93.520","93.960","93.310","0.06%"
"04/01/2022","93.470","93.760","93.760","93.190","-0.28%"
"03/31/2022","93.730","93.180","93.830","93.120","0.69%"
"03/30/2022","93.090","93.280","93.430","92.590","-0.13%"
"03/29/2022","93.210","93.660","93.660","92.240","-0.42%"
"03/28/2022","93.600","93.830","93.880","93.400","-0.20%"
"03/25/2022","93.790","94.090","94.400","93.680","-0.30%"
"03/24/2022","94.070","94.640","94.650","94.010","-0.59%"
"03/23/2022","94.630","94.240","94.690","94.130","0.42%"
"03/22/2022","94.230","94.570","94.660","94.160","-0.48%"
"03/21/2022","94.680","95.390","95.400","94.520","-0.78%"
"03/18/2022","95.420","95.320","95.670","95.180","0.12%"
"03/17/2022","95.310","95.210","95.360","95.030","0.24%"
"03/16/2022","95.080","95.490","95.490","95.070","-0.38%"
"03/15/2022","95.440","95.100","95.560","95.100","0.33%"
"03/14/2022","95.130","96.080","96.080","95.040","-0.95%"
"03/11/2022","96.040","95.760","96.100","95.560","0.11%"
"03/10/2022","95.930","96.730","97.120","95.740","-0.86%"
"03/09/2022","96.760","97.290","97.540","96.640","-0.64%"
"03/08/2022","97.380","98.180","98.210","97.270","-0.66%"
"03/07/2022","98.030","98.300","98.420","97.900","-0.36%"
"03/04/2022","98.380","97.800","98.510","97.800","0.60%"
"03/03/2022","97.790","97.950","98.030","97.430","-0.06%"
"03/02/2022","97.850","98.950","98.970","97.820","-1.11%"
"03/01/2022","98.950","97.040","98.990","96.820","2.22%"
"02/28/2022","96.800","96.050","97.140","96.050","0.69%"
"02/25/2022","96.140","96.300","96.330","95.930","-0.03%"
"02/24/2022","96.170","95.900","96.560","95.900","0.30%"
"02/23/2022","95.880","95.760","95.980","95.550","0.09%"
"02/22/2022","95.790","95.940","96.300","95.490","-0.25%"
"02/21/2022","96.030","96.230","96.280","95.830","-0.23%"
"02/18/2022","96.250","95.970","96.260","95.780","0.24%"
"02/17/2022","96.020","95.620","96.020","95.540","0.39%"
"02/16/2022","95.650","95.210","95.650","95.050","0.45%"
"02/15/2022","95.220","95.630","95.680","95.120","-0.31%"
"02/14/2022","95.520","95.970","96.120","95.390","0.15%"
"02/11/2022","95.380","95.530","96.220","95.360","-0.10%"
"02/10/2022","95.480","96.140","96.140","95.320","-0.62%"
"02/09/2022","96.080","95.700","96.170","95.700","0.34%"
"02/08/2022","95.750","96.100","96.210","95.570","-0.43%"
"02/07/2022","96.160","96.390","96.480","95.850","-0.21%"
"02/04/2022","96.360","96.840","96.840","96.180","-0.44%"
"02/03/2022","96.790","98.000","98.050","96.730","-1.20%"
"02/02/2022","97.970","98.020","98.190","97.780","-0.05%"
"02/01/2022","98.020","98.030","98.300","97.890","0.01%"
"01/31/2022","98.010","98.550","98.570","98.000","-0.58%"
"01/28/2022","98.580","98.840","98.860","98.220","-0.25%"
"01/27/2022","98.830","98.840","98.920","98.450","0.08%"
"01/26/2022","98.750","98.870","98.950","98.730","-0.08%"
"01/25/2022","98.830","99.150","99.150","98.830","-0.21%"
"01/24/2022","99.040","99.020","99.280","98.920","-0.04%"
"01/21/2022","99.080","98.630","99.150","98.620","0.39%"
"01/20/2022","98.700","98.570","98.780","98.410","0.17%"
"01/19/2022","98.530","98.610","98.630","98.360","-0.05%"
"01/18/2022","98.580","98.700","98.700","98.490","-0.12%"
"01/17/2022","98.700","98.840","98.840","98.620","-0.12%"
"01/14/2022","98.820","99.200","99.200","98.510","-0.41%"
"01/13/2022","99.230","99.010","99.230","98.810","0.26%"
"01/12/2022","98.970","98.650","99.140","98.650","0.24%"
"01/11/2022","98.730","98.890","98.970","98.630","-0.17%"
"01/10/2022","98.900","98.910","99.300","98.760","-0.04%"
"01/07/2022","98.940","99.020","99.100","98.840","-0.14%"
"01/06/2022","99.080","99.370","99.380","98.930","-0.24%"
"01/05/2022","99.320","99.310","99.470","99.260","-0.01%"
"01/04/2022","99.330","99.380","99.620","99.270","-0.03%"
"01/03/2022","99.360","99.620","99.770","99.330","-0.24%"
"12/31/2021","99.600","99.610","99.610","99.550","0.01%"
"12/30/2021","99.590","99.600","99.760","99.530","0.02%"
"12/29/2021","99.570","100.030","100.070","99.540","-0.42%"
"12/28/2021","99.990","100.030","100.060","99.780","-0.04%"
"12/27/2021","100.030","100.110","100.120","99.850","-0.08%"
"12/24/2021","100.110","100.120","100.120","100.100","-0.02%"
"12/23/2021","100.130","100.530","100.530","99.960","-0.40%"
"12/22/2021","100.530","100.710","100.810","100.350","-0.19%"
"12/21/2021","100.720","101.290","101.390","100.660","-0.55%"
"12/20/2021","101.280","101.500","101.630","101.180","-0.17%"
"12/17/2021","101.450","101.230","101.510","101.170","0.23%"
"12/16/2021","101.220","101.480","101.580","100.920","-0.20%"
"12/15/2021","101.420","101.250","101.500","101.220","0.18%"
"12/14/2021","101.240","101.420","101.440","101.220","-0.19%"
"12/13/2021","101.430","101.240","101.510","101.200","0.23%"
"12/10/2021","101.200","101.280","101.340","101.070","-0.03%"
"12/09/2021","101.230","100.870","101.310","100.870","0.34%"
"12/08/2021","100.890","101.500","101.710","100.800","-0.54%"
"12/07/2021","101.440","101.460","101.530","101.180","0.04%"
"12/06/2021","101.400","101.440","101.510","101.240","-0.06%"
"12/03/2021","101.460","101.310","101.480","101.140","0.10%"
"12/02/2021","101.360","101.020","101.470","100.940","0.31%"
"12/01/2021","101.050","101.060","101.090","100.640","-0.02%"
"11/30/2021","101.070","100.790","101.300","100.790","0.28%"
"11/29/2021","100.790","100.980","101.010","100.670","-0.22%"
"11/26/2021","101.010","100.360","101.050","100.330","0.65%"
"11/25/2021","100.360","100.180","100.410","100.180","0.17%"
"11/24/2021","100.190","100.370","100.490","100.000","-0.14%"
"11/23/2021","100.330","101.100","101.100","100.280","-0.72%"