"Date","Price","Open","High","Low","Vol.","Change %"
"11/21/2025","119.20","116.25","119.45","116.00","1.33M","2.05%"
"11/20/2025","116.80","118.35","118.95","115.55","892.46K","-0.89%"
"11/19/2025","117.85","117.00","118.80","115.40","731.25K","0.99%"
"11/18/2025","116.70","117.50","117.65","116.35","836.22K","-1.52%"
"11/17/2025","118.50","119.45","119.95","118.35","648.31K","-0.84%"
"11/14/2025","119.50","119.60","120.60","118.70","744.80K","-0.91%"
"11/13/2025","120.60","120.35","121.05","120.15","727.36K","0.58%"
"11/12/2025","119.90","118.75","120.35","118.55","650.83K","1.27%"
"11/11/2025","118.40","117.80","118.70","117.30","406.54K","1.24%"
"11/10/2025","116.95","117.40","117.50","115.95","509.67K","1.17%"
"11/07/2025","115.60","116.45","116.80","114.90","560.37K","-0.73%"
"11/06/2025","116.45","117.05","117.30","116.30","672.34K","-0.60%"
"11/05/2025","117.15","116.45","117.65","116.20","537.01K","0.82%"
"11/04/2025","116.20","114.20","116.40","113.80","695.45K","0.65%"
"11/03/2025","115.45","115.75","115.95","115.15","573.21K","-0.39%"
"10/31/2025","115.90","115.80","116.40","115.35","791.07K","-0.43%"
"10/30/2025","116.40","116.50","116.80","115.65","776.00K","0.22%"
"10/29/2025","116.15","117.40","117.85","115.95","850.72K","-1.06%"
"10/28/2025","117.40","119.55","119.65","117.20","1.08M","-2.17%"
"10/27/2025","120.00","120.40","120.70","118.80","802.20K","-0.33%"
"10/24/2025","120.40","123.15","123.35","118.35","1.05M","-1.99%"
"10/23/2025","122.85","121.70","122.95","121.10","637.57K","0.53%"
"10/22/2025","122.20","121.75","122.35","121.20","899.44K","1.12%"
"10/21/2025","120.85","121.15","121.35","120.35","521.98K","-0.49%"
"10/20/2025","121.45","121.55","121.70","119.90","624.74K","0.04%"
"10/17/2025","121.40","120.05","122.15","119.75","944.28K","-0.33%"
"10/16/2025","121.80","120.05","121.80","119.20","948.58K","1.16%"
"10/15/2025","120.40","121.40","121.80","120.25","988.62K","0.80%"
"10/14/2025","119.45","116.00","120.10","116.00","1.19M","0.93%"
"10/13/2025","118.35","118.35","119.10","117.10","679.39K","0.77%"
"10/10/2025","117.45","118.10","119.25","117.40","731.98K","-0.84%"
"10/09/2025","118.45","117.50","119.05","117.45","781.99K","1.28%"
"10/08/2025","116.95","115.65","117.80","115.30","1.14M","1.17%"
"10/07/2025","115.60","115.70","115.90","113.95","1.02M","0.00%"
"10/06/2025","115.60","115.00","116.85","113.50","1.44M","-1.99%"
"10/03/2025","117.95","119.20","119.25","117.15","912.67K","-0.42%"
"10/02/2025","118.45","118.60","118.85","117.45","663.90K","0.04%"
"10/01/2025","118.40","117.90","118.65","117.15","869.83K","0.38%"
"09/30/2025","117.95","117.00","117.95","116.20","942.01K","1.42%"
"09/29/2025","116.30","117.15","117.20","115.85","701.93K","-0.39%"
"09/26/2025","116.75","116.20","116.90","116.05","595.78K","1.30%"
"09/25/2025","115.25","115.15","115.60","114.30","780.36K","-0.26%"
"09/24/2025","115.55","117.35","117.65","114.85","898.24K","-1.37%"
"09/23/2025","117.15","117.55","118.20","117.15","640.15K","0.17%"
"09/22/2025","116.95","117.05","117.30","116.15","556.51K","-0.55%"
"09/19/2025","117.60","118.00","118.50","117.35","1.57M","0.30%"
"09/18/2025","117.25","117.05","118.30","116.50","664.10K","0.73%"
"09/17/2025","116.40","117.90","117.90","116.25","781.35K","-1.23%"
"09/16/2025","117.85","119.60","119.85","117.55","883.51K","-1.42%"
"09/15/2025","119.55","119.00","120.50","118.70","649.48K","0.89%"
"09/12/2025","118.50","118.50","119.00","117.60","530.24K","-0.08%"
"09/11/2025","118.60","118.20","119.35","118.00","501.06K","0.21%"
"09/10/2025","118.35","118.05","119.05","117.70","713.53K","0.59%"
"09/09/2025","117.65","117.50","118.10","117.15","755.30K","0.30%"
"09/08/2025","117.30","116.45","117.45","115.90","773.71K","1.51%"
"09/05/2025","115.55","116.45","116.55","115.50","820.93K","-0.30%"
"09/04/2025","115.90","114.20","116.10","114.20","984.02K","1.40%"
"09/03/2025","114.30","113.05","114.65","112.40","1.01M","1.11%"
"09/02/2025","113.05","115.10","115.60","112.95","1.26M","-2.08%"
"09/01/2025","115.45","115.70","116.25","114.75","622.09K","-0.39%"
"08/29/2025","115.90","117.70","117.75","115.45","1.16M","-1.02%"
"08/28/2025","117.10","116.35","117.80","115.53","1.31M","1.21%"
"08/27/2025","115.70","114.25","116.00","114.20","1.24M","1.09%"
"08/26/2025","114.45","116.70","117.05","113.55","3.93M","-5.80%"
"08/25/2025","121.50","128.30","128.55","121.40","1.14M","-5.81%"
"08/22/2025","129.00","128.55","129.35","128.05","457.57K","0.27%"
"08/21/2025","128.65","128.80","128.95","128.05","623.93K","0.04%"
"08/20/2025","128.60","128.65","129.20","128.35","625.06K","-0.31%"
"08/19/2025","129.00","128.00","129.15","128.00","517.53K","0.78%"
"08/18/2025","128.00","129.95","130.20","127.75","481.30K","-1.23%"
"08/15/2025","129.60","128.00","130.00","128.00","825.13K","1.33%"
"08/14/2025","127.90","126.75","128.05","126.75","637.01K","1.03%"
"08/13/2025","126.60","126.00","126.80","125.65","676.18K","1.28%"
"08/12/2025","125.00","125.25","125.45","124.45","549.12K","0.08%"
"08/11/2025","124.90","124.20","124.90","123.75","502.90K","1.01%"
"08/08/2025","123.65","122.85","124.00","122.40","627.41K","0.69%"
"08/07/2025","122.80","121.70","123.75","121.65","1.15M","1.15%"
"08/06/2025","121.40","120.95","122.15","120.80","547.29K","0.66%"
"08/05/2025","120.60","120.95","121.45","120.25","727.08K","0.54%"
"08/04/2025","119.95","119.40","120.65","119.35","694.26K","1.01%"
"08/01/2025","118.75","121.60","121.60","118.75","1.38M","-2.34%"
"07/31/2025","121.60","124.90","125.05","121.60","1.39M","-2.64%"
"07/30/2025","124.90","124.65","125.35","123.85","527.13K","-0.20%"
"07/29/2025","125.15","123.60","125.35","123.60","744.81K","1.46%"
"07/28/2025","123.35","125.15","125.15","123.15","607.95K","-0.68%"
"07/25/2025","124.20","123.60","124.40","122.50","915.63K","0.40%"
"07/24/2025","123.70","125.80","125.90","122.95","853.75K","-1.08%"
"07/23/2025","125.05","123.70","125.05","123.15","973.20K","1.87%"
"07/22/2025","122.75","124.65","124.85","122.45","821.96K","-1.48%"
"07/21/2025","124.60","125.05","125.30","124.25","615.50K","-0.16%"
"07/18/2025","124.80","125.40","125.65","124.55","718.85K","0.32%"
"07/17/2025","124.40","122.90","124.75","122.80","725.48K","1.39%"
"07/16/2025","122.70","123.55","124.15","122.45","974.58K","-0.89%"
"07/15/2025","123.80","125.80","126.00","123.80","952.62K","-1.16%"
"07/14/2025","125.25","125.10","125.70","124.80","922.89K","-0.44%"
"07/11/2025","125.80","125.70","126.35","125.05","755.41K","-0.28%"
"07/10/2025","126.15","127.80","127.80","126.00","882.71K","-0.71%"
"07/09/2025","127.05","125.30","127.25","125.15","809.53K","1.64%"
"07/08/2025","125.00","125.90","126.00","124.45","882.25K","-0.24%"
"07/07/2025","125.30","124.75","125.30","124.50","661.61K","0.85%"
"07/04/2025","124.25","125.00","125.00","123.70","575.23K","-0.80%"
"07/03/2025","125.25","125.05","125.75","124.35","568.11K","0.24%"
"07/02/2025","124.95","126.10","126.45","124.65","821.94K","-0.40%"
"07/01/2025","125.45","125.70","125.80","124.80","736.83K","0.28%"
"06/30/2025","125.10","125.70","125.85","124.40","1.09M","0.08%"
"06/27/2025","125.00","124.80","125.30","124.25","837.27K","0.89%"
"06/26/2025","123.90","123.50","124.50","123.25","766.44K","0.69%"
"06/25/2025","123.05","123.10","124.30","122.70","911.35K","0.08%"
"06/24/2025","122.95","123.00","124.05","122.25","1.20M","1.65%"
"06/23/2025","120.95","121.15","122.60","120.70","790.38K","-0.62%"
"06/20/2025","121.70","122.00","122.10","120.55","2.59M","0.54%"
"06/19/2025","121.05","123.35","123.45","120.90","849.62K","-2.26%"
"06/18/2025","123.85","124.15","124.78","123.60","732.49K","-0.36%"
"06/17/2025","124.30","124.15","124.70","122.55","760.01K","-0.76%"
"06/16/2025","125.25","124.95","125.75","124.90","977.93K","0.48%"
"06/13/2025","124.65","124.40","125.50","124.25","1.14M","-1.19%"
"06/12/2025","126.15","125.05","126.85","124.80","714.27K","0.36%"
"06/11/2025","125.70","125.90","126.15","125.15","921.39K","0.36%"
"06/10/2025","125.25","126.30","126.55","124.80","989.77K","-0.48%"
"06/09/2025","125.85","126.60","126.65","125.45","521.57K","-0.59%"
"06/06/2025","126.60","127.00","127.30","126.25","827.23K","-0.24%"
"06/05/2025","126.90","126.85","127.85","126.20","814.02K","-0.28%"
"06/04/2025","127.25","128.00","128.00","126.30","890.83K","-0.20%"
"06/03/2025","127.50","128.10","128.30","126.90","788.13K","-0.23%"
"06/02/2025","127.80","125.95","127.85","125.85","931.42K","1.55%"
"05/30/2025","125.85","128.55","129.15","125.85","3.39M","-1.60%"
"05/29/2025","127.90","128.65","129.10","127.90","504.27K","-0.23%"
"05/28/2025","128.20","128.10","128.75","127.70","920.41K","-0.27%"
"05/27/2025","128.55","129.15","129.65","128.55","788.25K","-0.62%"
"05/26/2025","129.35","129.45","130.10","128.95","581.25K","0.66%"
"05/23/2025","128.50","129.30","129.55","126.70","1.02M","-0.70%"
"05/22/2025","129.40","129.45","129.70","128.15","852.65K","0.04%"
"05/21/2025","129.35","128.80","129.40","128.20","807.75K","0.43%"
"05/20/2025","128.80","127.55","129.00","127.55","949.80K","0.98%"
"05/19/2025","127.55","127.25","127.55","126.40","627.65K","0.24%"
"05/16/2025","127.25","126.05","127.25","125.80","838.57K","0.83%"
"05/15/2025","126.20","124.35","126.25","123.95","809.82K","1.77%"
"05/14/2025","124.00","123.15","124.70","123.00","871.47K","0.73%"
"05/13/2025","123.10","123.85","124.05","122.35","925.94K","-0.44%"
"05/12/2025","123.65","126.65","127.65","122.80","1.29M","-1.83%"
"05/09/2025","125.95","126.15","126.75","125.45","831.21K","0.28%"
"05/08/2025","125.60","125.75","126.20","124.95","1.13M","0.00%"
"05/07/2025","125.60","126.15","126.30","124.70","977.70K","-0.20%"
"05/06/2025","125.85","125.40","126.00","124.40","1.08M","0.44%"
"05/05/2025","125.30","125.30","125.75","124.65","628.47K","-0.20%"
"05/02/2025","125.55","124.80","125.90","124.20","1.26M","2.41%"
"04/30/2025","122.60","122.55","123.20","122.10","1.96M","0.49%"
"04/29/2025","122.00","121.60","122.90","121.50","1.29M","0.83%"
"04/28/2025","121.00","121.10","122.75","120.85","1.16M","0.12%"
"04/25/2025","120.85","120.00","121.30","118.80","1.29M","0.37%"
"04/24/2025","120.40","119.20","120.40","119.20","909.09K","0.75%"
"04/23/2025","119.50","119.35","119.85","117.50","1.63M","1.36%"
"04/22/2025","117.90","117.10","118.35","116.40","1.25M","-1.50%"
"04/17/2025","119.70","118.65","119.90","118.15","997.03K","-0.25%"
"04/16/2025","120.00","118.00","120.10","117.60","1.37M","1.57%"
"04/15/2025","118.15","115.15","118.30","115.15","1.34M","2.07%"
"04/14/2025","115.75","114.70","116.30","114.20","1.23M","2.21%"
"04/11/2025","113.25","113.35","114.05","110.80","1.39M","1.25%"
"04/10/2025","111.85","113.05","113.90","111.35","1.65M","3.76%"
"04/09/2025","107.80","107.75","109.45","105.90","1.52M","-1.64%"
"04/08/2025","109.60","108.20","110.60","106.45","1.60M","2.43%"
"04/07/2025","107.00","107.00","112.45","104.00","3.91M","-4.72%"
"04/04/2025","112.30","116.85","117.15","111.75","2.55M","-4.63%"
"04/03/2025","117.75","117.60","118.15","116.55","1.48M","-0.42%"
"04/02/2025","118.25","117.05","118.35","117.05","887.37K","0.64%"
"04/01/2025","117.50","116.10","117.60","116.00","787.82K","1.03%"
"03/31/2025","116.30","117.90","118.20","115.95","1.15M","-2.02%"
"03/28/2025","118.70","118.40","119.90","118.40","1.02M","-0.42%"
"03/27/2025","119.20","117.85","119.65","117.50","899.45K","0.34%"
"03/26/2025","118.80","119.70","119.85","118.65","860.97K","-0.42%"
"03/25/2025","119.30","118.60","120.30","118.55","916.54K","0.76%"
"03/24/2025","118.40","119.05","119.45","118.05","746.89K","0.13%"
"03/21/2025","118.25","118.05","119.10","117.95","2.65M","-0.50%"
"03/20/2025","118.85","119.40","119.80","117.70","1.00M","-0.75%"
"03/19/2025","119.75","119.20","120.10","118.70","981.00K","0.29%"
"03/18/2025","119.40","118.50","119.40","117.95","1.12M","0.97%"
"03/17/2025","118.25","117.00","118.50","116.80","1.02M","0.81%"
"03/14/2025","117.30","115.90","117.90","115.50","1.38M","1.08%"
"03/13/2025","116.05","115.45","116.80","115.15","1.07M","-0.09%"
"03/12/2025","116.15","116.10","116.70","115.05","1.15M","1.35%"
"03/11/2025","114.60","116.20","116.90","113.70","1.36M","-1.21%"
"03/10/2025","116.00","117.30","117.75","114.85","1.44M","-0.85%"
"03/07/2025","117.00","117.95","118.15","116.15","1.56M","-1.56%"
"03/06/2025","118.85","118.95","119.00","117.40","1.79M","1.24%"
"03/05/2025","117.40","113.95","118.30","113.05","2.00M","5.06%"
"03/04/2025","111.75","110.80","111.75","110.40","1.31M","0.09%"
"03/03/2025","111.65","110.65","112.15","109.40","954.95K","0.50%"
"02/28/2025","111.10","111.00","111.20","110.20","1.58M","0.50%"
"02/27/2025","110.55","110.90","111.20","109.75","834.36K","-0.23%"
"02/26/2025","110.80","110.00","111.45","109.45","935.49K","1.23%"
"02/25/2025","109.45","108.45","109.93","108.45","740.82K","0.14%"
"02/24/2025","109.30","108.90","109.90","108.60","720.70K","0.69%"
"02/21/2025","108.55","108.05","108.85","107.70","1.16M","0.32%"
"02/20/2025","108.20","108.40","109.15","107.65","807.23K","-0.28%"
"02/19/2025","108.50","109.90","110.25","108.25","915.93K","-1.45%"
"02/18/2025","110.10","109.05","110.50","108.40","948.16K","0.82%"
"02/17/2025","109.20","108.30","109.80","107.50","992.79K","0.78%"
"02/14/2025","108.35","108.00","108.90","107.15","1.46M","0.32%"
"02/13/2025","108.00","107.90","109.40","107.90","1.32M","0.89%"
"02/12/2025","107.05","106.35","107.80","106.35","915.60K","0.23%"
"02/11/2025","106.80","108.30","108.55","106.70","1.01M","-1.29%"
"02/10/2025","108.20","109.85","110.15","107.60","1.00M","-1.50%"
"02/07/2025","109.85","109.35","111.95","109.35","1.75M","2.42%"
"02/06/2025","107.25","105.40","107.65","105.35","1.21M","1.76%"
"02/05/2025","105.40","105.20","105.65","104.90","690.77K","-0.24%"
"02/04/2025","105.65","104.90","106.00","103.40","1.13M","1.44%"
"02/03/2025","104.15","102.75","104.20","102.20","1.25M","-0.33%"
"01/31/2025","104.50","104.40","105.35","104.10","933.48K","0.00%"
"01/30/2025","104.50","103.15","104.80","102.90","573.31K","1.36%"
"01/29/2025","103.10","104.30","104.60","102.85","817.71K","-1.34%"
"01/28/2025","104.50","103.65","105.10","103.40","944.93K","1.01%"
"01/27/2025","103.45","102.20","104.20","102.10","906.51K","1.07%"
"01/24/2025","102.35","104.00","104.60","101.95","890.90K","-1.54%"
"01/23/2025","103.95","103.15","104.05","103.05","824.93K","1.07%"
"01/22/2025","102.85","103.00","103.45","102.40","934.16K","-0.05%"
"01/21/2025","102.90","102.85","103.10","102.25","587.07K","-0.10%"
"01/20/2025","103.00","102.80","103.50","102.10","576.25K","0.39%"
"01/17/2025","102.60","102.00","103.25","101.90","1.17M","1.53%"
"01/16/2025","101.05","99.70","101.05","98.74","995.29K","1.11%"
"01/15/2025","99.94","99.64","100.25","98.88","927.21K","0.81%"
"01/14/2025","99.14","99.92","100.95","98.94","724.23K","0.38%"
"01/13/2025","98.76","98.46","99.12","97.98","653.78K","-0.30%"
"01/10/2025","99.06","101.10","101.20","98.62","1.04M","-1.04%"
"01/09/2025","100.10","99.22","100.60","98.60","607.44K","0.36%"
"01/08/2025","99.74","101.00","101.35","98.76","741.71K","-1.39%"
"01/07/2025","101.15","100.25","102.15","99.52","1.11M","1.19%"
"01/06/2025","99.96","100.00","100.15","98.14","998.05K","1.05%"
"01/03/2025","98.92","100.00","100.15","98.62","661.20K","-0.78%"
"01/02/2025","99.70","99.92","100.10","98.14","689.58K","-0.04%"
"12/31/2024","99.74","98.30","99.74","98.30","266.40K","1.03%"
"12/30/2024","98.72","98.64","99.56","98.38","495.64K","-0.34%"
"12/27/2024","99.06","97.92","99.12","97.80","609.96K","1.10%"
"12/24/2024","97.98","98.20","98.86","97.98","173.50K","-0.26%"
"12/23/2024","98.24","97.88","98.40","97.30","500.84K","0.27%"
"12/20/2024","97.98","97.54","98.10","96.88","1.97M","-0.51%"
"12/19/2024","98.48","98.06","98.98","97.96","972.09K","-0.77%"
"12/18/2024","99.24","99.38","99.94","98.94","979.05K","-0.28%"
"12/17/2024","99.52","99.48","100.10","99.00","929.43K","-0.28%"
"12/16/2024","99.80","101.00","101.15","99.42","1.07M","-1.38%"
"12/13/2024","101.20","100.60","101.90","100.55","822.68K","0.45%"
"12/12/2024","100.75","101.25","101.50","100.65","786.10K","-0.35%"
"12/11/2024","101.10","100.90","101.25","100.15","804.16K","0.15%"
"12/10/2024","100.95","100.60","101.45","100.60","880.43K","-0.20%"
"12/09/2024","101.15","101.40","101.75","100.45","709.35K","0.05%"
"12/06/2024","101.10","100.55","101.85","100.55","744.50K","0.20%"
"12/05/2024","100.90","98.36","100.95","98.22","1.15M","2.31%"
"12/04/2024","98.62","97.16","98.92","97.06","1.31M","1.50%"
"12/03/2024","97.16","97.22","97.82","96.78","1.45M","-0.10%"
"12/02/2024","97.26","97.60","99.50","96.88","1.99M","-2.60%"
"11/29/2024","99.86","98.50","99.90","98.48","1.21M","0.75%"
"11/28/2024","99.12","97.44","99.62","97.44","941.92K","1.77%"
"11/27/2024","97.40","98.20","98.26","96.26","1.60M","-1.74%"
"11/26/2024","99.12","99.80","100.20","99.12","1.03M","-1.27%"
"11/25/2024","100.40","102.00","102.60","100.10","2.14M","-0.30%"
"11/22/2024","100.70","101.00","101.25","99.40","1.02M","0.05%"
"11/21/2024","100.65","100.45","101.35","99.88","737.01K","0.40%"
"11/20/2024","100.25","101.40","101.95","100.05","686.09K","-0.05%"
"11/19/2024","100.30","100.90","101.35","98.72","899.03K","-0.64%"
"11/18/2024","100.95","100.85","101.20","100.40","755.41K","0.40%"
"11/15/2024","100.55","99.96","101.45","99.90","716.69K","0.25%"
"11/14/2024","100.30","99.16","100.40","98.52","896.59K","1.72%"
"11/13/2024","98.60","99.74","100.00","97.76","1.01M","-1.30%"
"11/12/2024","99.90","100.75","101.80","99.90","972.15K","-1.48%"
"11/11/2024","101.40","100.50","101.80","100.50","714.32K","1.15%"
"11/08/2024","100.25","100.70","101.45","100.10","748.10K","-0.35%"
"11/07/2024","100.60","101.05","101.65","100.60","960.23K","-0.40%"
"11/06/2024","101.00","102.35","104.65","100.60","1.09M","-1.08%"
"11/05/2024","102.10","102.50","103.05","101.50","956.32K","-0.24%"
"11/04/2024","102.35","103.20","103.95","102.35","657.35K","-0.82%"
"11/01/2024","103.20","102.35","103.55","102.35","658.12K","0.49%"
"10/31/2024","102.70","101.00","102.70","101.00","1.55M","0.74%"
"10/30/2024","101.95","102.65","103.20","101.55","922.35K","-1.26%"
"10/29/2024","103.25","104.90","105.15","102.95","975.14K","-0.39%"
"10/28/2024","103.65","101.85","103.75","101.85","1.12M","2.88%"
"10/25/2024","100.75","98.50","102.40","98.20","2.04M","-3.40%"
"10/24/2024","104.30","104.80","105.40","103.85","778.80K","-0.24%"
"10/23/2024","104.55","104.25","105.10","103.90","882.57K","-0.24%"
"10/22/2024","104.80","105.00","105.20","103.65","735.96K","-0.57%"
"10/21/2024","105.40","106.20","106.80","105.15","705.45K","-1.77%"
"10/18/2024","107.30","106.65","107.70","106.55","947.63K","0.05%"
"10/17/2024","107.25","107.10","108.20","107.05","1.11M","0.00%"
"10/16/2024","107.25","107.90","107.90","106.65","1.30M","0.89%"
"10/15/2024","106.30","106.95","107.45","105.75","1.31M","-0.93%"
"10/14/2024","107.30","107.20","107.45","106.80","615.47K","-0.33%"
"10/11/2024","107.65","107.55","107.80","106.65","628.98K","0.09%"
"10/10/2024","107.55","107.15","107.95","107.05","744.19K","-0.19%"
"10/09/2024","107.75","107.00","108.05","106.60","891.39K","2.04%"
"10/08/2024","105.60","105.10","106.10","104.65","939.17K","0.28%"
"10/07/2024","105.30","105.30","105.50","104.60","814.37K","0.38%"
"10/04/2024","104.90","102.05","105.30","101.95","2.06M","2.79%"
"10/03/2024","102.05","104.50","104.55","101.60","1.08M","-2.76%"
"10/02/2024","104.95","103.95","105.05","103.80","1.35M","0.57%"
"10/01/2024","104.35","105.50","105.55","103.60","1.13M","-0.57%"
"09/30/2024","104.95","109.00","109.15","104.85","1.82M","-5.11%"
"09/27/2024","110.60","109.05","111.10","109.05","1.06M","0.77%"
"09/26/2024","109.75","109.30","110.30","108.75","1.04M","0.78%"
"09/25/2024","108.90","109.50","109.65","108.55","855.66K","-0.95%"
"09/24/2024","109.95","110.00","110.35","109.55","681.07K","0.59%"
"09/23/2024","109.30","109.85","109.90","108.55","792.17K","-0.50%"
"09/20/2024","109.85","110.75","111.15","109.60","2.04M","-0.68%"
"09/19/2024","110.60","111.90","112.25","110.10","1.07M","0.23%"
"09/18/2024","110.35","110.80","110.80","110.00","866.92K","-0.23%"
"09/17/2024","110.60","110.30","110.65","109.60","818.98K","0.91%"
"09/16/2024","109.60","108.95","109.75","108.80","","0.09%"
"09/13/2024","109.50","108.40","109.60","108.20","995.68K","1.30%"
"09/12/2024","108.10","110.55","111.10","106.15","1.17M","-1.64%"
"09/11/2024","109.90","110.50","110.90","109.15","915.24K","0.05%"
"09/10/2024","109.85","109.55","111.10","109.50","686.50K","0.05%"
"09/09/2024","109.80","109.10","110.05","108.85","817.39K","0.64%"
"09/06/2024","109.10","109.70","110.05","108.75","987.57K","-0.68%"
"09/05/2024","109.85","107.10","111.05","107.10","767.63K","2.09%"
"09/04/2024","107.60","107.10","107.90","106.95","959.45K","-0.32%"
"09/03/2024","107.95","108.45","108.70","107.35","461.23K","-0.32%"
"09/02/2024","108.30","108.00","108.35","107.10","328.60K","0.14%"
"08/30/2024","108.15","107.85","108.70","107.55","995.22K","0.51%"
"08/29/2024","107.60","107.30","107.75","106.85","464.35K","0.23%"
"08/28/2024","107.35","107.20","107.85","107.15","633.02K","0.66%"
"08/27/2024","106.65","106.20","107.20","106.10","395.69K","-0.09%"
"08/26/2024","106.75","106.80","107.15","106.55","240.76K","-0.09%"
"08/23/2024","106.85","106.00","106.95","106.00","471.85K","0.90%"
"08/22/2024","105.90","105.55","106.70","105.55","463.08K","0.28%"
"08/21/2024","105.60","105.30","105.75","105.15","356.19K","0.24%"
"08/20/2024","105.35","106.20","106.35","105.35","476.06K","-0.61%"
"08/19/2024","106.00","105.65","106.40","105.20","483.20K","0.47%"
"08/16/2024","105.50","104.55","105.95","104.55","1.32M","0.91%"
"08/15/2024","104.55","103.75","104.60","103.25","594.66K","1.01%"
"08/14/2024","103.50","103.90","104.05","102.75","477.62K","0.24%"
"08/13/2024","103.25","102.75","103.35","102.35","660.67K","0.58%"
"08/12/2024","102.65","103.55","103.80","102.30","600.99K","-0.77%"
"08/09/2024","103.45","103.00","103.90","102.80","589.92K","0.58%"
"08/08/2024","102.85","103.00","103.40","102.50","780.35K","-0.82%"
"08/07/2024","103.70","101.00","104.05","100.85","1.19M","3.08%"
"08/06/2024","100.60","101.00","102.05","99.84","1.06M","-0.40%"
"08/05/2024","101.00","99.90","101.35","99.02","1.19M","-1.22%"
"08/02/2024","102.25","102.70","103.20","101.75","991.15K","-0.82%"
"08/01/2024","103.10","104.70","104.95","102.90","996.71K","-2.37%"
"07/31/2024","105.60","106.45","106.80","105.50","1.22M","-0.98%"
"07/30/2024","106.65","105.40","106.90","105.40","547.00K","1.04%"
"07/29/2024","105.55","108.05","108.15","105.55","928.80K","-2.31%"
"07/26/2024","108.05","107.00","108.50","106.70","1.22M","3.45%"
"07/25/2024","104.45","104.25","104.80","103.50","991.08K","-1.00%"
"07/24/2024","105.50","105.55","105.85","104.60","939.15K","-0.85%"
"07/23/2024","106.40","107.70","107.80","105.85","852.76K","-0.61%"
"07/22/2024","107.05","106.85","107.40","105.95","845.39K","1.42%"
"07/19/2024","105.55","105.90","106.05","105.20","968.95K","-0.61%"
"07/18/2024","106.20","106.15","106.55","105.50","784.72K","0.71%"
"07/17/2024","105.45","105.25","105.80","105.00","589.14K","0.14%"
"07/16/2024","105.30","104.65","105.50","104.55","434.09K","-0.09%"
"07/15/2024","105.40","105.10","106.30","104.60","523.59K","-0.33%"
"07/12/2024","105.75","104.50","106.05","104.15","833.07K","1.34%"
"07/11/2024","104.35","104.55","104.95","103.90","874.84K","0.43%"
"07/10/2024","103.90","103.35","104.85","102.95","786.70K","0.78%"
"07/09/2024","103.10","105.15","105.30","102.85","1.39M","-2.41%"
"07/08/2024","105.65","104.60","107.35","104.20","1.35M","0.43%"
"07/05/2024","105.20","104.00","105.80","103.90","1.32M","1.84%"
"07/04/2024","103.30","102.40","103.30","102.30","1.03M","0.49%"
"07/03/2024","102.80","101.50","103.00","101.15","1.57M","1.43%"
"07/02/2024","101.35","100.00","101.90","99.80","1.21M","0.45%"
"07/01/2024","100.90","104.10","105.10","100.90","1.16M","2.56%"
"06/28/2024","98.38","99.08","99.08","98.04","1.17M","-0.53%"
"06/27/2024","98.90","101.30","101.35","98.90","1.40M","-2.22%"
"06/26/2024","101.15","102.15","102.50","100.45","969.19K","-0.34%"
"06/25/2024","101.50","102.40","103.10","101.15","866.27K","-1.36%"
"06/24/2024","102.90","101.75","103.20","101.30","1.03M","1.08%"
"06/21/2024","101.80","102.15","102.20","100.85","2.68M","-0.59%"
"06/20/2024","102.40","100.80","102.45","100.15","1.37M","1.99%"
"06/19/2024","100.40","100.50","100.95","99.54","1.12M","-0.10%"
"06/18/2024","100.50","99.44","100.80","98.64","1.28M","2.24%"
"06/17/2024","98.30","98.50","99.28","97.44","1.27M","0.16%"
"06/14/2024","98.14","100.40","100.55","97.50","2.21M","-2.25%"
"06/13/2024","100.40","102.50","102.95","99.96","1.64M","-2.62%"
"06/12/2024","103.10","101.35","104.25","101.25","1.79M","2.33%"
"06/11/2024","100.75","104.45","104.95","100.75","3.21M","-3.86%"
"06/10/2024","104.80","106.20","106.95","102.90","2.64M","-5.37%"
"06/07/2024","110.75","113.60","113.80","110.75","1.21M","-2.59%"
"06/06/2024","113.70","113.65","113.95","112.40","741.30K","-0.09%"
"06/05/2024","113.80","113.85","114.40","112.60","775.05K","0.26%"
"06/04/2024","113.50","114.25","114.40","112.75","983.23K","-1.22%"
"06/03/2024","114.90","115.50","116.50","114.55","657.84K","0.39%"
"05/31/2024","114.45","114.80","115.00","114.00","1.66M","-0.04%"
"05/30/2024","114.50","112.70","114.85","112.70","606.09K","1.19%"
"05/29/2024","113.15","114.20","114.45","112.85","759.30K","-1.18%"
"05/28/2024","114.50","115.40","115.85","114.30","833.68K","-0.82%"
"05/27/2024","115.45","114.50","115.55","114.30","383.62K","1.14%"
"05/24/2024","114.15","113.90","114.55","113.30","642.84K","-0.44%"
"05/23/2024","114.65","115.00","115.25","114.20","624.34K","-0.48%"
"05/22/2024","115.20","115.60","115.70","114.70","511.51K","-0.35%"
"05/21/2024","115.60","115.20","115.60","114.20","505.64K","0.09%"
"05/20/2024","115.50","115.05","115.80","115.05","293.17K","0.39%"
"05/17/2024","115.05","115.45","115.70","114.40","847.90K","-0.82%"
"05/16/2024","116.00","116.60","116.65","115.55","553.54K","-0.51%"
"05/15/2024","116.60","116.20","116.85","115.40","715.37K","0.60%"
"05/14/2024","115.90","115.35","116.50","115.35","550.72K","0.09%"
"05/13/2024","115.80","115.70","116.05","114.95","560.97K","0.17%"
"05/10/2024","115.60","115.30","116.95","115.30","1.21M","0.43%"
"05/09/2024","115.10","114.20","115.60","114.20","626.26K","1.05%"
"05/08/2024","113.90","112.85","114.95","112.70","878.80K","1.24%"
"05/07/2024","112.50","111.80","112.50","111.30","768.86K","1.08%"
"05/06/2024","111.30","111.30","111.50","110.45","374.35K","0.41%"
"05/03/2024","110.85","110.85","111.55","110.30","603.23K","0.68%"
"05/02/2024","110.10","110.10","110.95","109.80","992.45K","-0.14%"
"04/30/2024","110.25","110.50","112.00","110.05","1.26M","-0.32%"
"04/29/2024","110.60","111.80","112.40","110.50","740.94K","-0.45%"
"04/26/2024","111.10","112.20","112.30","110.55","995.29K","0.86%"
"04/25/2024","110.15","112.00","112.20","109.45","1.40M","-1.26%"
"04/24/2024","111.55","111.95","112.60","111.35","1.10M","0.04%"
"04/23/2024","111.50","110.70","111.75","110.05","893.99K","-1.81%"
"04/22/2024","113.55","114.00","114.10","112.85","822.30K","0.18%"
"04/19/2024","113.35","112.70","113.55","111.95","853.19K","-0.18%"
"04/18/2024","113.55","112.80","113.85","112.55","743.19K","1.11%"
"04/17/2024","112.30","112.20","114.40","112.05","987.45K","0.31%"
"04/16/2024","111.95","111.90","112.75","111.25","852.16K","-0.97%"
"04/15/2024","113.05","113.65","114.20","112.80","591.65K","0.00%"
"04/12/2024","113.05","113.25","114.10","112.75","720.16K","0.27%"
"04/11/2024","112.75","112.85","113.70","112.40","805.50K","-0.13%"
"04/10/2024","112.90","115.05","115.35","112.65","1.03M","-1.44%"
"04/09/2024","114.55","115.00","115.50","114.30","730.65K","-1.21%"
"04/08/2024","115.95","114.70","116.40","114.40","806.56K","1.31%"
"04/05/2024","114.45","115.00","115.35","112.80","1.15M","-1.55%"
"04/04/2024","116.25","118.15","118.15","115.90","823.78K","-1.69%"
"04/03/2024","118.25","117.35","118.60","117.15","720.22K","0.85%"
"04/02/2024","117.25","118.40","119.50","117.00","977.74K","-1.27%"
"03/28/2024","118.76","120.06","120.26","118.74","880.47K","-1.08%"
"03/27/2024","120.06","118.48","120.62","118.36","689.03K","1.35%"
"03/26/2024","118.46","115.74","118.46","115.70","799.07K","2.16%"
"03/25/2024","115.96","116.56","116.86","115.28","617.20K","-0.34%"
"03/22/2024","116.36","116.42","117.10","116.10","586.76K","-0.34%"
"03/21/2024","116.76","117.56","117.76","116.08","576.39K","0.07%"
"03/20/2024","116.68","116.90","117.02","115.64","516.28K","-0.41%"
"03/19/2024","117.16","116.92","117.72","116.86","566.01K","0.05%"
"03/18/2024","117.10","117.52","117.74","116.48","516.67K","0.09%"
"03/15/2024","117.00","117.16","117.96","117.00","2.00M","0.00%"
"03/14/2024","117.00","118.00","118.50","116.92","988.17K","-2.32%"
"03/13/2024","119.78","119.50","120.48","119.14","716.99K","0.59%"
"03/12/2024","119.08","118.42","119.40","117.26","653.71K","0.37%"
"03/11/2024","118.64","118.24","119.08","117.96","407.34K","0.08%"
"03/08/2024","118.54","118.60","118.78","117.82","502.16K","-0.29%"
"03/07/2024","118.88","116.82","119.08","116.72","674.80K","1.43%"
"03/06/2024","117.20","117.34","117.90","116.64","499.14K","-0.42%"
"03/05/2024","117.70","117.28","117.80","117.16","495.58K","0.48%"
"03/04/2024","117.14","117.18","117.34","116.28","407.25K","-0.14%"
"03/01/2024","117.30","118.76","118.80","116.84","415.74K","-0.93%"
"02/29/2024","118.40","118.44","119.28","118.18","1.29M","-0.07%"
"02/28/2024","118.48","117.62","118.56","117.32","590.25K","0.71%"
"02/27/2024","117.64","116.38","117.78","116.12","725.03K","1.24%"
"02/26/2024","116.20","116.48","116.68","115.72","480.33K","-0.48%"
"02/23/2024","116.76","115.54","117.00","115.10","501.46K","1.07%"
"02/22/2024","115.52","115.88","116.54","114.78","545.44K","0.33%"
"02/21/2024","115.14","114.18","115.34","113.96","655.83K","0.61%"
"02/20/2024","114.44","113.90","114.64","113.84","615.21K","0.28%"
"02/19/2024","114.12","113.10","114.32","113.06","492.85K","0.78%"
"02/16/2024","113.24","115.50","115.64","113.10","966.82K","-1.99%"
"02/15/2024","115.54","115.56","116.34","115.54","617.40K","0.26%"
"02/14/2024","115.24","114.72","115.58","114.66","520.69K","0.33%"
"02/13/2024","114.86","115.74","115.98","114.32","647.53K","-1.14%"
"02/12/2024","116.18","116.14","116.54","115.92","514.79K","0.03%"
"02/09/2024","116.14","116.72","117.06","115.50","582.94K","-0.53%"
"02/08/2024","116.76","116.88","118.38","114.82","1.01M","-0.76%"
"02/07/2024","117.66","119.10","119.10","117.66","642.05K","-0.91%"
"02/06/2024","118.74","118.88","118.92","117.76","495.04K","0.37%"
"02/05/2024","118.30","117.38","118.44","116.92","695.08K","1.11%"
"02/02/2024","117.00","117.86","118.48","116.94","621.72K","-0.07%"
"02/01/2024","117.08","116.80","117.42","116.44","748.37K","0.00%"
"01/31/2024","117.08","117.56","118.02","116.82","1.04M","0.21%"
"01/30/2024","116.84","117.12","117.56","116.76","650.67K","-0.05%"
"01/29/2024","116.90","118.36","118.46","116.58","1.03M","-1.15%"
"01/26/2024","118.26","118.16","119.00","117.92","576.54K","0.39%"
"01/25/2024","117.80","117.20","117.90","116.94","611.44K","0.32%"
"01/24/2024","117.42","116.22","117.70","116.00","641.32K","1.19%"
"01/23/2024","116.04","118.00","118.04","115.92","500.35K","-1.21%"
"01/22/2024","117.46","117.44","118.10","116.96","504.98K","0.62%"
"01/19/2024","116.74","117.58","117.88","116.16","612.83K","-0.55%"
"01/18/2024","117.38","116.02","117.58","115.60","646.27K","1.40%"
"01/17/2024","115.76","116.36","116.36","115.24","528.51K","-0.79%"
"01/16/2024","116.68","116.44","117.06","116.00","524.67K","-0.46%"
"01/15/2024","117.22","116.60","117.40","115.80","588.15K","0.46%"
"01/12/2024","116.68","116.34","117.82","116.18","838.83K","1.90%"
"01/11/2024","114.50","115.78","115.86","114.22","500.26K","-0.49%"
"01/10/2024","115.06","115.18","115.34","114.16","739.59K","-0.14%"
"01/09/2024","115.22","114.02","115.22","113.94","746.07K","0.98%"
"01/08/2024","114.10","113.66","114.56","113.18","512.46K","0.19%"
"01/05/2024","113.88","113.60","114.06","112.92","667.81K","-0.56%"
"01/04/2024","114.52","112.92","114.52","112.78","607.09K","1.40%"
"01/03/2024","112.94","113.92","114.12","112.46","604.82K","-0.88%"
"01/02/2024","113.94","114.00","114.78","113.22","695.37K","0.21%"
"12/29/2023","113.70","113.74","114.08","113.48","443.73K","0.12%"
"12/28/2023","113.56","114.52","114.74","113.40","463.02K","-0.77%"
"12/27/2023","114.44","114.04","114.44","113.40","458.31K","0.05%"
"12/22/2023","114.38","113.94","114.66","113.70","567.14K","0.65%"
"12/21/2023","113.64","113.14","113.64","112.98","466.29K","0.02%"
"12/20/2023","113.62","113.50","113.70","112.56","759.30K","0.28%"
"12/19/2023","113.30","113.34","113.50","112.76","774.34K","0.30%"
"12/18/2023","112.96","115.00","115.00","112.52","855.54K","-2.27%"
"12/15/2023","115.58","116.80","116.80","114.94","2.39M","-0.38%"
"12/14/2023","116.02","115.30","117.08","115.24","1.07M","1.08%"
"12/13/2023","114.78","115.10","115.58","114.56","874.54K","-0.54%"
"12/12/2023","115.40","115.98","116.36","114.94","864.25K","-0.60%"
"12/11/2023","116.10","115.84","116.74","115.74","858.69K","0.22%"
"12/08/2023","115.84","115.46","116.00","115.08","748.43K","0.14%"
"12/07/2023","115.68","115.32","116.02","115.20","621.00K","0.00%"
"12/06/2023","115.68","115.08","116.02","114.82","770.91K","0.33%"
"12/05/2023","115.30","114.00","115.30","113.92","968.37K","1.69%"
"12/04/2023","113.38","113.04","113.74","113.04","514.26K","0.05%"
"12/01/2023","113.32","113.22","113.60","112.82","698.58K","0.91%"
"11/30/2023","112.30","112.10","112.64","111.76","2.90M","0.16%"
"11/29/2023","112.12","111.02","112.28","110.90","672.80K","0.90%"
"11/28/2023","111.12","110.26","111.12","110.08","703.90K","0.52%"
"11/27/2023","110.54","110.34","110.84","110.12","686.62K","0.05%"
"11/24/2023","110.48","109.64","110.66","109.50","508.28K","0.45%"
"11/23/2023","109.98","109.48","110.00","109.22","484.72K","0.24%"
"11/22/2023","109.72","109.28","110.04","109.16","460.72K","0.66%"
"11/21/2023","109.00","108.74","109.26","108.52","395.01K","0.04%"
"11/20/2023","108.96","109.38","109.50","108.54","546.90K","-0.38%"
"11/17/2023","109.38","108.66","109.90","108.66","856.61K","0.94%"
"11/16/2023","108.36","108.62","109.22","107.96","530.40K","-0.62%"
"11/15/2023","109.04","108.44","109.76","108.18","943.05K","1.32%"
"11/14/2023","107.62","106.52","108.06","106.16","876.68K","0.49%"
"11/13/2023","107.10","106.32","107.10","106.30","622.48K","0.51%"
"11/10/2023","106.56","106.40","106.68","105.94","488.88K","0.00%"
"11/09/2023","106.56","105.34","106.72","105.06","698.09K","0.85%"
"11/08/2023","105.66","105.04","105.78","104.18","405.45K","0.44%"
"11/07/2023","105.20","104.46","105.28","104.38","537.96K","-0.28%"
"11/06/2023","105.50","106.56","106.78","105.24","451.77K","-0.83%"
"11/03/2023","106.38","106.60","107.44","106.00","611.27K","0.19%"
"11/02/2023","106.18","105.46","106.92","105.18","597.78K","0.78%"
"11/01/2023","105.36","104.68","105.56","104.12","587.98K","0.84%"
"10/31/2023","104.48","103.38","104.80","103.18","910.67K","1.36%"
"10/30/2023","103.08","102.38","103.44","101.54","687.85K","1.06%"
"10/27/2023","102.00","103.00","103.42","101.56","858.72K","1.51%"
"10/26/2023","100.48","100.00","101.44","99.91","737.79K","-0.28%"
"10/25/2023","100.76","100.54","100.96","99.85","660.32K","-0.32%"
"10/24/2023","101.08","100.14","101.36","99.84","776.45K","1.18%"
"10/23/2023","99.90","99.97","100.06","98.76","617.27K","0.28%"
"10/20/2023","99.62","99.62","100.22","98.68","1.14M","-0.97%"
"10/19/2023","100.60","100.10","100.66","99.53","746.20K","-0.22%"
"10/18/2023","100.82","102.28","102.78","100.70","803.55K","-1.89%"
"10/17/2023","102.76","102.02","103.08","101.88","509.10K","0.37%"
"10/16/2023","102.38","103.02","103.28","99.82","990.03K","-0.52%"
"10/13/2023","102.92","104.78","105.02","102.82","623.33K","-1.78%"
"10/12/2023","104.78","106.00","106.24","104.78","658.95K","-0.68%"
"10/11/2023","105.50","103.66","105.78","103.56","816.56K","1.33%"
"10/10/2023","104.12","103.04","104.64","102.98","606.49K","1.86%"
"10/09/2023","102.22","101.96","102.32","101.12","473.22K","-0.10%"
"10/06/2023","102.32","101.42","102.48","101.04","713.48K","0.73%"
"10/05/2023","101.58","101.98","102.64","101.06","756.09K","-0.31%"
"10/04/2023","101.90","100.32","102.36","100.22","744.61K","0.73%"
"10/03/2023","101.16","103.14","103.60","100.84","967.76K","-2.47%"
"10/02/2023","103.72","105.44","105.98","103.20","736.32K","-1.24%"
"09/29/2023","105.02","105.24","106.26","104.98","1.03M","-0.19%"
"09/28/2023","105.22","104.00","105.44","103.20","745.79K","0.77%"
"09/27/2023","104.42","104.60","104.72","103.70","509.58K","0.35%"
"09/26/2023","104.06","103.72","104.56","103.32","543.38K","-0.46%"
"09/25/2023","104.54","104.94","105.96","103.98","551.19K","-0.76%"
"09/22/2023","105.34","105.66","105.66","104.24","599.47K","-0.79%"
"09/21/2023","106.18","106.92","107.04","105.84","729.85K","-1.39%"
"09/20/2023","107.68","106.74","108.06","106.68","568.28K","1.36%"
"09/19/2023","106.24","105.80","106.28","105.44","361.16K","0.00%"
"09/18/2023","106.24","107.00","107.40","105.88","552.77K","-1.15%"
"09/15/2023","107.48","107.00","108.22","106.94","2.73M","1.17%"
"09/14/2023","106.24","104.40","106.74","103.80","960.69K","2.13%"
"09/13/2023","104.02","104.76","104.80","103.36","702.57K","-1.08%"
"09/12/2023","105.16","102.86","105.28","102.72","805.65K","1.53%"
"09/11/2023","103.58","103.46","103.98","103.02","598.62K","0.60%"
"09/08/2023","102.96","102.82","103.00","101.36","526.24K","0.45%"
"09/07/2023","102.50","102.20","103.24","101.94","376.50K","0.14%"
"09/06/2023","102.36","101.28","102.56","100.78","657.69K","0.25%"
"09/05/2023","102.10","102.24","102.78","101.22","572.94K","-0.66%"
"09/04/2023","102.78","103.18","103.90","102.50","328.08K","0.06%"
"09/01/2023","102.72","103.12","103.70","102.58","547.00K","-0.23%"
"08/31/2023","102.96","103.86","103.90","102.96","1.11M","-0.50%"
"08/30/2023","103.48","103.98","104.24","102.36","514.26K","-0.29%"
"08/29/2023","103.78","104.32","104.32","103.02","608.33K","-0.06%"
"08/28/2023","103.84","103.12","104.00","102.86","548.21K","1.47%"
"08/25/2023","102.34","101.28","102.98","101.20","560.29K","0.79%"
"08/24/2023","101.54","102.38","102.70","101.50","469.96K","0.06%"
"08/23/2023","101.48","102.00","102.46","101.34","485.85K","0.08%"
"08/22/2023","101.40","101.30","102.08","101.20","427.56K","0.52%"
"08/21/2023","100.88","100.80","101.72","100.52","497.22K","-0.12%"
"08/18/2023","101.00","101.06","101.06","98.49","1.08M","-0.57%"
"08/17/2023","101.58","101.92","102.46","101.52","427.40K","-0.80%"
"08/16/2023","102.40","102.60","102.92","102.14","361.25K","-0.35%"
"08/15/2023","102.76","103.54","103.70","102.36","513.33K","-0.70%"
"08/14/2023","103.48","103.70","104.26","102.86","476.46K","-0.12%"
"08/11/2023","103.60","103.96","104.16","103.02","500.98K","-0.54%"
"08/10/2023","104.16","103.72","104.58","103.46","746.60K","1.11%"
"08/09/2023","103.02","103.82","103.92","102.20","642.12K","0.41%"
"08/08/2023","102.60","102.50","103.68","101.96","694.99K","-0.16%"
"08/07/2023","102.76","101.72","102.96","101.26","607.01K","0.76%"
"08/04/2023","101.98","101.22","102.26","100.68","763.12K","0.99%"
"08/03/2023","100.98","101.62","101.94","100.60","769.68K","-1.39%"
"08/02/2023","102.40","103.58","103.62","102.26","981.23K","-2.31%"
"08/01/2023","104.82","106.36","106.36","104.12","838.06K","-1.84%"
"07/31/2023","106.78","107.90","108.00","106.04","903.08K","-0.98%"
"07/28/2023","107.84","106.26","109.48","106.24","1.08M","-0.50%"
"07/27/2023","108.38","107.84","108.48","107.14","767.94K","1.35%"
"07/26/2023","106.94","107.40","107.88","105.72","676.61K","-0.78%"
"07/25/2023","107.78","107.16","107.90","106.70","422.45K","0.09%"
"07/24/2023","107.68","107.44","108.04","107.34","429.39K","-0.31%"
"07/21/2023","108.02","108.30","108.64","107.64","636.96K","-0.20%"
"07/20/2023","108.24","107.18","108.72","106.94","603.20K","1.29%"
"07/19/2023","106.86","106.72","107.68","106.46","552.14K","0.81%"
"07/18/2023","106.00","105.36","106.38","105.28","387.94K","0.45%"
"07/17/2023","105.52","106.08","106.68","105.04","488.27K","-0.85%"
"07/14/2023","106.42","105.78","106.96","105.74","508.68K","0.83%"
"07/13/2023","105.54","105.28","106.72","105.06","774.78K","0.42%"
"07/12/2023","105.10","104.42","105.52","103.82","715.84K","1.35%"
"07/11/2023","103.70","103.56","104.36","102.60","664.06K","0.91%"
"07/10/2023","102.76","102.00","103.20","101.64","549.96K","0.35%"
"07/07/2023","102.40","101.76","102.90","101.02","778.62K","0.37%"
"07/06/2023","102.02","103.86","103.88","101.50","1.13M","-2.89%"
"07/05/2023","105.06","105.44","105.78","104.30","717.11K","-1.30%"
"07/04/2023","106.44","105.90","106.82","105.80","265.53K","-0.22%"
"07/03/2023","106.68","106.36","107.38","105.94","457.39K","0.28%"
"06/30/2023","106.38","105.86","107.14","105.58","1.47M","0.72%"
"06/29/2023","105.62","105.58","106.44","105.08","605.61K","0.32%"
"06/28/2023","105.28","104.92","105.80","104.58","633.61K","0.65%"
"06/27/2023","104.60","104.86","104.86","103.34","622.42K","0.52%"
"06/26/2023","104.06","104.28","104.70","102.88","756.39K","0.06%"
"06/23/2023","104.00","104.58","105.24","103.44","871.17K","-1.33%"
"06/22/2023","105.40","105.78","106.18","104.68","650.64K","-0.66%"
"06/21/2023","106.10","107.06","107.08","105.48","667.80K","-0.95%"
"06/20/2023","107.12","106.46","107.86","106.28","729.25K","1.00%"
"06/19/2023","106.06","107.34","107.64","105.66","1.17M","-4.00%"
"06/16/2023","110.48","109.42","110.48","108.24","4.08M","2.03%"
"06/15/2023","108.28","108.24","108.66","107.72","616.52K","-0.44%"
"06/14/2023","108.76","107.00","109.20","106.80","830.80K","1.89%"
"06/13/2023","106.74","107.50","107.54","105.88","911.73K","-0.39%"
"06/12/2023","107.16","107.16","107.64","106.84","611.18K","0.43%"
"06/09/2023","106.70","107.04","107.76","106.32","629.82K","-0.48%"
"06/08/2023","107.22","107.28","108.14","106.74","655.14K","-0.43%"
"06/07/2023","107.68","107.02","108.14","106.80","731.43K","0.67%"
"06/06/2023","106.96","107.14","107.48","106.32","571.05K","0.02%"
"06/05/2023","106.94","107.98","108.18","106.42","599.06K","-0.59%"
"06/02/2023","107.58","107.72","107.84","106.64","797.83K","0.52%"
"06/01/2023","107.02","106.90","107.54","106.30","520.12K","0.66%"
"05/31/2023","106.32","106.76","107.40","105.88","2.35M","-1.12%"
"05/30/2023","107.52","108.74","108.90","107.18","714.82K","-0.92%"
"05/29/2023","108.52","108.92","109.32","108.38","349.01K","0.15%"
"05/26/2023","108.36","108.78","108.86","106.56","729.64K","0.52%"
"05/25/2023","107.80","108.48","108.50","106.96","705.20K","-0.61%"
"05/24/2023","108.46","108.70","108.92","107.88","747.15K","-1.11%"
"05/23/2023","109.68","110.28","110.42","109.62","501.22K","-0.56%"
"05/22/2023","110.30","110.36","111.50","110.10","609.39K","-0.54%"
"05/19/2023","110.90","110.12","111.56","110.04","730.63K","0.65%"
"05/18/2023","110.18","110.86","111.30","109.60","467.96K","-0.40%"
"05/17/2023","110.62","109.68","110.76","109.10","675.94K","0.84%"
"05/16/2023","109.70","108.50","109.78","108.48","556.28K","0.44%"
"05/15/2023","109.22","109.88","110.00","108.82","449.88K","-0.02%"
"05/12/2023","109.24","108.86","109.92","108.80","570.78K","0.52%"
"05/11/2023","108.68","109.80","110.26","108.08","618.04K","-0.64%"
"05/10/2023","109.38","109.92","110.42","109.06","823.18K","-0.38%"
"05/09/2023","109.80","109.52","109.88","109.00","727.66K","-0.04%"
"05/08/2023","109.84","109.24","110.06","108.74","373.12K","0.70%"
"05/05/2023","109.08","109.22","109.44","108.48","588.44K","0.46%"
"05/04/2023","108.58","109.14","109.40","108.12","624.98K","-0.91%"
"05/03/2023","109.58","109.68","110.16","109.48","637.45K","0.77%"
"05/02/2023","108.74","111.20","111.40","108.74","960.41K","-3.08%"
"04/28/2023","112.20","111.92","112.40","111.40","1.31M","0.95%"
"04/27/2023","111.14","110.80","111.56","110.68","858.96K","-0.27%"
"04/26/2023","111.44","110.56","112.24","109.72","1.48M","2.52%"
"04/25/2023","108.70","107.70","109.10","107.08","1.20M","-2.14%"
"04/24/2023","111.08","110.30","111.16","110.30","842.69K","0.74%"
"04/21/2023","110.26","109.90","110.42","109.24","938.40K","-0.04%"
"04/20/2023","110.30","111.12","111.40","109.86","814.17K","-0.47%"
"04/19/2023","110.82","109.64","110.92","109.52","653.20K","1.24%"
"04/18/2023","109.46","108.82","109.52","108.28","722.90K","0.70%"
"04/17/2023","108.70","108.00","109.22","107.84","814.51K","0.35%"
"04/14/2023","108.32","109.50","109.76","108.16","814.61K","-0.81%"
"04/13/2023","109.20","109.20","109.92","108.78","611.67K","0.68%"
"04/12/2023","108.46","108.90","109.92","108.30","679.37K","0.07%"
"04/11/2023","108.38","108.00","108.92","107.78","922.72K","1.14%"
"04/06/2023","107.16","105.88","107.76","105.74","801.33K","1.42%"
"04/05/2023","105.66","105.00","106.44","104.86","1.06M","1.05%"
"04/04/2023","104.56","104.86","105.38","103.98","798.04K","0.25%"
"04/03/2023","104.30","105.84","106.28","104.10","1.05M","-1.34%"
"03/31/2023","105.72","105.80","106.36","105.18","1.08M","0.28%"
"03/30/2023","105.42","105.28","106.08","105.28","835.72K","0.98%"
"03/29/2023","104.40","103.68","104.54","102.82","1.02M","1.64%"
"03/28/2023","102.72","103.00","103.16","101.88","709.52K","0.53%"
"03/27/2023","102.18","102.46","102.94","101.42","894.62K","0.81%"
"03/24/2023","101.36","103.06","103.40","99.93","1.49M","-2.63%"
"03/23/2023","104.10","106.00","106.30","103.22","1.18M","-2.46%"
"03/22/2023","106.72","107.00","107.34","106.36","740.59K","-0.30%"
"03/21/2023","107.04","106.14","107.96","105.80","935.00K","2.18%"
"03/20/2023","104.76","103.46","105.42","100.96","1.21M","1.26%"
"03/17/2023","103.46","105.32","105.86","102.12","3.58M","-1.17%"
"03/16/2023","104.68","103.66","105.28","102.12","1.65M","2.23%"
"03/15/2023","102.40","106.58","107.18","99.70","1.54M","-4.35%"
"03/14/2023","107.06","105.56","107.64","105.06","941.24K","1.40%"
"03/13/2023","105.58","107.68","107.68","104.60","1.45M","-2.46%"
"03/10/2023","108.24","107.54","108.44","107.26","938.10K","-0.28%"
"03/09/2023","108.54","108.50","108.86","107.96","556.40K","-0.26%"
"03/08/2023","108.82","107.98","109.32","107.90","697.48K","0.42%"
"03/07/2023","108.36","109.00","109.16","108.10","717.97K","-0.77%"
"03/06/2023","109.20","109.04","109.84","108.80","915.22K","0.48%"
"03/03/2023","108.68","108.56","108.72","107.64","923.13K","0.65%"
"03/02/2023","107.98","107.06","107.98","106.26","855.21K","0.43%"
"03/01/2023","107.52","108.12","108.58","107.12","984.81K","-0.30%"
"02/28/2023","107.84","107.34","108.40","107.04","1.28M","0.24%"
"02/27/2023","107.58","106.52","108.06","106.52","911.88K","1.84%"
"02/24/2023","105.64","107.98","108.08","105.28","2.17M","-1.95%"
"02/23/2023","107.74","108.10","108.10","106.80","1.66M","-1.28%"
"02/22/2023","109.14","108.46","109.14","107.68","711.64K","0.22%"
"02/21/2023","108.90","109.00","109.34","107.70","988.96K","-0.17%"
"02/20/2023","109.08","109.64","109.92","108.86","513.52K","-0.42%"
"02/17/2023","109.54","108.60","109.54","107.80","1.11M","0.87%"
"02/16/2023","108.60","109.38","109.54","108.10","1.00M","-0.57%"
"02/15/2023","109.22","108.00","109.60","107.60","895.77K","1.49%"
"02/14/2023","107.62","108.98","109.16","107.50","913.23K","-0.52%"
"02/13/2023","108.18","105.16","108.18","105.12","957.78K","2.95%"
"02/10/2023","105.08","105.66","105.82","104.54","881.71K","-0.70%"
"02/09/2023","105.82","106.40","107.34","105.56","1.25M","1.44%"
"02/08/2023","104.32","104.40","105.06","103.96","715.93K","0.60%"
"02/07/2023","103.70","104.70","104.96","103.26","864.02K","-0.77%"
"02/06/2023","104.50","104.88","104.96","103.54","696.06K","-0.80%"
"02/03/2023","105.34","104.04","105.34","103.64","1.11M","0.29%"
"02/02/2023","105.04","104.98","105.44","104.06","920.50K","0.31%"
"02/01/2023","104.72","104.02","105.32","103.66","907.43K","1.04%"
"01/31/2023","103.64","104.00","104.14","103.40","850.88K","-0.27%"
"01/30/2023","103.92","104.62","104.88","103.52","832.57K","-1.07%"
"01/27/2023","105.04","105.18","105.54","103.82","850.72K","0.42%"
"01/26/2023","104.60","104.32","104.92","102.98","930.21K","0.89%"
"01/25/2023","103.68","104.90","105.18","103.52","1.08M","-0.82%"
"01/24/2023","104.54","103.16","104.82","103.06","727.83K","1.59%"
"01/23/2023","102.90","103.50","103.86","102.42","561.23K","-0.75%"
"01/20/2023","103.68","102.82","103.84","102.38","1.27M","1.27%"
"01/19/2023","102.38","103.50","103.80","101.88","982.07K","-1.44%"
"01/18/2023","103.88","102.98","104.54","102.98","984.53K","0.97%"
"01/17/2023","102.88","101.50","103.10","100.84","1.62M","1.76%"
"01/16/2023","101.10","101.60","101.82","100.62","535.75K","-0.28%"
"01/13/2023","101.38","101.42","101.94","100.92","948.52K","0.34%"
"01/12/2023","101.04","100.00","101.34","99.70","917.33K","1.36%"
"01/11/2023","99.68","99.27","100.18","99.02","821.35K","0.28%"
"01/10/2023","99.40","99.38","99.84","99.01","747.13K","-0.35%"
"01/09/2023","99.75","98.66","100.40","98.50","1.02M","1.29%"
"01/06/2023","98.48","97.72","98.53","97.20","644.40K","1.10%"
"01/05/2023","97.41","97.32","98.04","96.77","805.48K","0.34%"
"01/04/2023","97.08","95.73","97.53","95.39","976.25K","2.36%"
"01/03/2023","94.84","94.45","95.72","94.11","824.52K","-0.12%"
"01/02/2023","94.95","93.84","95.10","93.40","535.45K","1.78%"
"12/30/2022","93.29","93.81","94.08","93.24","555.89K","-1.02%"
"12/29/2022","94.25","93.17","94.25","92.85","549.93K","0.81%"
"12/28/2022","93.49","94.09","94.25","93.43","414.12K","-0.49%"
"12/27/2022","93.95","94.50","94.97","93.95","316.38K","-0.25%"
"12/23/2022","94.19","94.14","94.39","93.62","472.93K","0.46%"
"12/22/2022","93.76","94.13","94.76","93.44","517.02K","-0.45%"
"12/21/2022","94.18","93.80","94.42","93.00","834.70K","0.80%"
"12/20/2022","93.43","92.58","93.65","91.88","818.97K","0.61%"
"12/19/2022","92.86","92.73","93.11","92.37","650.94K","0.51%"
"12/16/2022","92.39","93.31","93.43","91.89","2.25M","-1.64%"
"12/15/2022","93.93","94.81","95.70","93.76","1.61M","-1.62%"
"12/14/2022","95.48","97.00","97.14","94.35","1.78M","-2.02%"
"12/13/2022","97.45","95.93","98.20","95.86","1.29M","0.07%"
"12/12/2022","97.38","97.85","98.37","97.17","869.84K","-1.26%"
"12/09/2022","98.62","98.42","98.73","97.26","672.79K","0.69%"
"12/08/2022","97.94","97.99","98.43","97.29","658.62K","0.09%"
"12/07/2022","97.85","97.91","98.25","97.25","723.97K","-0.05%"
"12/06/2022","97.90","97.75","98.20","97.35","838.65K","0.19%"
"12/05/2022","97.71","98.50","98.50","97.35","660.77K","-0.55%"
"12/02/2022","98.25","98.30","98.93","97.68","972.54K","-0.01%"
"12/01/2022","98.26","97.06","98.34","96.78","900.71K","1.70%"
"11/30/2022","96.62","97.26","97.29","96.07","1.82M","0.03%"
"11/29/2022","96.59","96.92","96.92","95.87","707.25K","-0.21%"
"11/28/2022","96.79","96.89","97.25","96.03","758.01K","-0.30%"
"11/25/2022","97.08","96.69","97.18","96.27","691.08K","0.29%"
"11/24/2022","96.80","96.59","97.35","96.27","582.92K","0.56%"
"11/23/2022","96.26","96.62","96.76","96.02","663.02K","0.01%"
"11/22/2022","96.25","96.56","96.75","95.93","662.94K","-0.03%"
"11/21/2022","96.28","95.44","96.35","95.26","684.48K","0.88%"
"11/18/2022","95.44","95.33","95.73","94.44","1.17M","0.85%"
"11/17/2022","94.64","95.69","95.78","94.07","687.56K","-0.61%"
"11/16/2022","95.22","95.90","96.16","95.12","1.18M","-0.02%"
"11/15/2022","95.24","94.40","95.48","94.29","1.01M","0.11%"
"11/14/2022","95.14","95.00","95.57","94.90","842.95K","-0.18%"
"11/11/2022","95.31","95.46","96.33","94.99","889.11K","-0.60%"
"11/10/2022","95.89","94.67","95.93","94.32","1.19M","1.55%"
"11/09/2022","94.43","94.37","94.81","93.79","883.55K","0.15%"
"11/08/2022","94.29","93.37","94.43","93.08","792.62K","0.32%"
"11/07/2022","93.99","95.10","95.24","93.03","1.27M","-2.09%"
"11/04/2022","96.00","93.88","96.96","93.43","1.28M","2.32%"
"11/03/2022","93.82","93.02","93.88","93.01","798.27K","-0.48%"
"11/02/2022","94.27","94.32","94.79","93.79","986.01K","0.04%"
"11/01/2022","94.23","93.53","94.88","93.53","767.28K","1.13%"
"10/31/2022","93.18","93.03","93.52","92.23","773.73K","-0.11%"
"10/28/2022","93.28","91.40","93.28","91.36","882.58K","1.07%"
"10/27/2022","92.29","92.01","93.08","91.43","1.07M","0.28%"
"10/26/2022","92.03","91.62","92.56","91.08","1.16M","2.04%"
"10/25/2022","90.19","89.09","90.27","88.70","1.15M","1.76%"
"10/24/2022","88.63","87.00","88.93","86.53","1.11M","2.89%"
"10/21/2022","86.14","85.54","86.15","84.69","1.02M","-0.08%"
"10/20/2022","86.21","86.74","86.93","86.04","804.51K","-0.39%"
"10/19/2022","86.55","86.91","87.19","86.41","612.22K","-0.24%"
"10/18/2022","86.76","87.01","87.32","86.03","833.42K","0.60%"
"10/17/2022","86.24","84.33","86.79","84.26","705.08K","2.25%"
"10/14/2022","84.34","85.07","85.63","84.19","1.07M","0.50%"
"10/13/2022","83.92","82.54","84.36","82.22","1.12M","1.11%"
"10/12/2022","83.00","83.80","84.09","82.20","943.46K","-1.21%"
"10/11/2022","84.02","82.75","84.61","82.35","1.11M","1.18%"
"10/10/2022","83.04","81.15","83.58","80.92","1.02M","2.29%"
"10/07/2022","81.18","81.12","82.50","80.84","1.02M","-0.47%"
"10/06/2022","81.56","83.97","84.12","81.47","1.10M","-2.56%"
"10/05/2022","83.70","84.49","84.62","83.18","1.11M","-1.83%"
"10/04/2022","85.26","84.34","85.92","83.98","1.17M","2.01%"
"10/03/2022","83.58","82.43","84.13","81.54","914.89K","0.49%"
"09/30/2022","83.17","82.92","83.83","82.39","1.35M","0.68%"
"09/29/2022","82.61","84.13","84.40","81.94","1.11M","-1.92%"
"09/28/2022","84.23","83.24","84.47","82.31","1.23M","-0.21%"
"09/27/2022","84.41","84.25","85.46","83.87","1.53M","1.05%"
"09/26/2022","83.53","83.01","83.94","81.42","1.66M","-0.87%"
"09/23/2022","84.26","87.33","87.43","83.92","1.32M","-3.87%"
"09/22/2022","87.65","88.00","88.45","87.37","1.21M","-2.29%"
"09/21/2022","89.70","90.00","90.33","89.50","1.08M","-0.77%"
"09/20/2022","90.40","92.34","92.58","90.30","740.40K","-1.62%"
"09/19/2022","91.89","91.35","92.17","89.91","783.48K","0.21%"
"09/16/2022","91.70","93.80","94.02","91.70","2.50M","-3.33%"
"09/15/2022","94.86","94.09","95.09","94.00","841.62K","0.09%"
"09/14/2022","94.77","94.84","95.32","94.37","794.81K","-0.62%"
"09/13/2022","95.36","96.30","97.05","95.01","1.17M","-1.01%"
"09/12/2022","96.33","94.95","96.66","94.40","905.75K","2.15%"
"09/09/2022","94.30","93.80","94.98","93.42","838.90K","0.90%"
"09/08/2022","93.46","94.20","94.42","92.29","746.43K","-0.05%"
"09/07/2022","93.51","92.82","94.01","92.64","655.98K","0.26%"
"09/06/2022","93.27","92.27","93.78","92.27","582.15K","0.34%"
"09/05/2022","92.95","91.08","93.21","91.06","719.24K","-0.87%"
"09/02/2022","93.77","92.12","93.85","91.57","975.77K","2.25%"
"09/01/2022","91.71","91.99","92.12","90.92","692.68K","-0.59%"
"08/31/2022","92.25","92.40","93.28","92.08","1.48M","0.27%"
"08/30/2022","92.00","92.12","93.02","91.78","553.24K","0.24%"
"08/29/2022","91.78","90.80","91.78","90.30","617.35K","-0.18%"
"08/26/2022","91.95","93.35","93.55","91.55","702.72K","-1.20%"
"08/25/2022","93.07","93.46","94.73","92.87","720.04K","0.16%"
"08/24/2022","92.92","92.47","92.92","92.12","679.33K","0.30%"
"08/23/2022","92.64","91.72","93.01","91.53","745.00K","0.40%"
"08/22/2022","92.27","93.37","93.37","91.49","677.35K","-1.62%"
"08/19/2022","93.79","93.74","94.11","93.29","800.41K","-0.55%"
"08/18/2022","94.31","94.14","94.89","94.01","457.07K","0.15%"
"08/17/2022","94.17","95.38","95.60","94.01","624.95K","-1.09%"
"08/16/2022","95.21","94.31","95.38","94.31","741.76K","0.77%"
"08/15/2022","94.48","94.50","94.53","93.85","509.30K","0.50%"
"08/12/2022","94.01","93.86","94.74","93.86","711.58K","-0.37%"
"08/11/2022","94.36","94.00","94.58","93.50","622.53K","0.93%"
"08/10/2022","93.49","93.38","94.04","93.17","607.82K","0.31%"
"08/09/2022","93.20","92.26","93.27","92.08","840.73K","0.54%"
"08/08/2022","92.70","92.14","93.60","92.14","651.35K","0.87%"
"08/05/2022","91.90","92.90","93.11","91.81","1.01M","-1.29%"
"08/04/2022","93.10","92.02","93.57","92.02","694.16K","0.70%"
"08/03/2022","92.45","91.47","92.78","90.92","627.38K","1.13%"
"08/02/2022","91.42","91.59","92.04","91.21","680.43K","-0.36%"
"08/01/2022","91.75","93.09","93.57","91.75","876.17K","-1.75%"
"07/29/2022","93.38","91.45","93.98","91.45","1.58M","3.14%"
"07/28/2022","90.54","89.99","90.69","89.60","892.54K","0.77%"
"07/27/2022","89.85","90.44","90.75","89.72","640.75K","-0.08%"
"07/26/2022","89.92","89.66","90.15","89.01","865.55K","-0.14%"
"07/25/2022","90.05","89.24","90.40","89.24","726.56K","0.54%"
"07/22/2022","89.57","88.64","90.22","88.27","883.18K","0.64%"
"07/21/2022","89.00","88.71","89.70","88.08","977.57K","0.09%"
"07/20/2022","88.92","90.35","90.82","88.63","1.01M","-1.21%"
"07/19/2022","90.01","87.19","90.26","87.07","873.02K","2.48%"
"07/18/2022","87.83","88.12","88.30","87.46","569.14K","0.07%"
"07/15/2022","87.77","85.55","88.17","85.47","1.02M","2.98%"
"07/14/2022","85.23","86.43","86.79","84.59","893.97K","-1.65%"
"07/13/2022","86.66","86.37","87.14","85.63","913.51K","-1.11%"
"07/12/2022","87.63","85.83","87.88","85.56","958.82K","1.52%"
"07/11/2022","86.32","86.70","87.89","86.04","1.12M","-2.11%"
"07/08/2022","88.18","86.31","88.25","86.05","943.38K","2.10%"
"07/07/2022","86.37","85.88","86.89","85.83","1.47M","2.02%"
"07/06/2022","84.66","83.89","84.91","83.86","1.14M","2.12%"
"07/05/2022","82.90","86.62","86.70","82.90","1.13M","-4.05%"
"07/04/2022","86.40","86.00","87.09","85.99","589.30K","0.64%"
"07/01/2022","85.85","84.88","86.31","84.17","886.25K","1.05%"
"06/30/2022","84.96","85.12","85.40","83.98","1.45M","-1.80%"
"06/29/2022","86.52","86.66","87.73","86.10","809.18K","-1.31%"
"06/28/2022","87.67","87.86","88.47","87.14","894.23K","1.74%"
"06/27/2022","86.17","88.27","88.30","85.97","808.20K","-1.80%"
"06/24/2022","87.75","87.34","88.16","86.11","1.05M","2.99%"
"06/23/2022","85.20","85.35","86.75","84.54","1.10M","-0.48%"
"06/22/2022","85.61","83.70","85.88","82.77","1.18M","1.35%"
"06/21/2022","84.47","85.50","86.19","84.21","891.63K","-0.71%"
"06/20/2022","85.07","85.00","85.34","83.79","1.08M","0.07%"
"06/17/2022","85.01","84.98","87.22","84.38","4.67M","0.29%"
"06/16/2022","84.76","85.59","86.18","84.35","983.08K","-0.96%"
"06/15/2022","85.58","84.70","86.40","84.35","1.16M","2.26%"
"06/14/2022","83.69","86.73","86.98","83.62","1.40M","-2.69%"
"06/13/2022","86.00","87.33","87.71","85.58","1.09M","-2.47%"
"06/10/2022","88.18","90.30","90.39","88.14","996.06K","-2.89%"
"06/09/2022","90.80","90.75","91.90","90.22","977.84K","0.09%"
"06/08/2022","90.72","91.46","91.66","90.50","979.79K","0.02%"
"06/07/2022","90.70","90.89","91.97","90.20","753.62K","-0.79%"
"06/06/2022","91.42","89.99","91.99","89.85","845.12K","1.42%"
"06/03/2022","90.14","90.08","90.65","89.68","603.42K","0.37%"
"06/02/2022","89.81","89.76","90.36","89.46","739.64K","0.56%"
"06/01/2022","89.31","90.71","91.38","89.31","1.02M","-0.41%"
"05/31/2022","89.68","91.14","91.27","89.36","3.48M","-2.20%"
"05/30/2022","91.70","92.75","92.75","91.05","779.28K","-1.11%"
"05/27/2022","92.73","92.61","92.97","91.66","715.97K","0.69%"
"05/26/2022","92.09","89.79","92.65","89.53","853.25K","2.84%"
"05/25/2022","89.55","89.56","90.34","88.63","884.65K","0.83%"
"05/24/2022","88.81","89.06","89.38","88.40","1.09M","-1.17%"
"05/23/2022","89.86","90.00","90.39","86.57","1.53M","-1.21%"
"05/20/2022","90.96","90.99","92.10","90.41","1.09M","0.22%"
"05/19/2022","90.76","91.56","91.74","90.40","891.19K","-1.79%"
"05/18/2022","92.41","93.20","93.38","92.12","831.61K","-0.56%"
"05/17/2022","92.93","92.50","93.29","92.32","666.38K","0.40%"
"05/16/2022","92.56","92.34","92.71","91.43","1.02M","0.01%"
"05/13/2022","92.55","91.51","92.92","90.97","944.89K","2.40%"
"05/12/2022","90.38","89.68","91.33","89.39","1.27M","-0.70%"
"05/11/2022","91.02","89.68","91.57","89.39","1.42M","2.43%"
"05/10/2022","88.86","90.38","90.64","88.86","941.52K","-0.54%"
"05/09/2022","89.34","89.84","90.74","89.34","1.11M","-1.16%"
"05/06/2022","90.39","90.71","91.56","89.96","1.26M","-0.74%"
"05/05/2022","91.06","93.20","93.67","90.68","935.22K","-0.28%"
"05/04/2022","91.32","92.51","92.87","91.32","906.51K","-1.52%"
"05/03/2022","92.73","91.82","92.84","91.50","978.45K","1.82%"
"05/02/2022","91.07","91.74","91.89","89.50","939.49K","-1.91%"
"04/29/2022","92.84","93.21","93.30","92.09","1.13M","-0.13%"
"04/28/2022","92.96","93.10","94.42","91.86","1.13M","0.88%"
"04/27/2022","92.15","92.50","93.14","90.73","1.24M","-0.70%"
"04/26/2022","92.80","93.75","93.79","91.44","1.71M","-1.38%"
"04/25/2022","94.10","93.00","95.23","92.85","1.77M","1.29%"
"04/22/2022","92.90","91.11","94.65","91.11","1.40M","-1.85%"
"04/21/2022","94.65","92.93","94.90","92.81","1.42M","3.07%"
"04/20/2022","91.83","89.34","92.09","89.34","1.56M","2.90%"
"04/19/2022","89.24","89.10","90.30","88.54","1.47M","-0.81%"
"04/14/2022","89.97","90.20","90.46","89.59","1.43M","-0.35%"
"04/13/2022","90.29","90.27","91.31","89.95","992.66K","-0.68%"
"04/12/2022","90.91","88.86","91.64","88.13","1.30M","0.62%"
"04/11/2022","90.35","89.31","91.32","88.74","1.08M","2.47%"
"04/08/2022","88.17","89.11","89.83","87.40","1.21M","1.30%"
"04/07/2022","87.04","87.57","89.09","86.56","1.73M","0.85%"
"04/06/2022","86.31","88.01","89.06","85.43","1.81M","-2.34%"
"04/05/2022","88.38","91.91","92.28","87.01","1.83M","-4.09%"
"04/04/2022","92.15","94.60","94.76","91.55","1.03M","-1.61%"
"04/01/2022","93.66","93.71","94.30","93.00","702.67K","0.72%"
"03/31/2022","92.99","93.66","94.44","92.65","1.10M","-0.79%"
"03/30/2022","93.73","94.01","94.46","93.05","1.13M","-1.70%"
"03/29/2022","95.35","93.47","95.92","93.44","1.24M","3.53%"
"03/28/2022","92.10","92.06","93.92","92.06","958.31K","0.39%"
"03/25/2022","91.74","91.77","92.43","91.10","913.53K","0.23%"
"03/24/2022","91.53","92.13","93.02","90.84","1.30M","-0.42%"
"03/23/2022","91.92","93.26","94.20","91.63","919.68K","-1.69%"
"03/22/2022","93.50","92.75","93.95","92.61","946.29K","1.30%"
"03/21/2022","92.30","92.02","93.43","92.02","926.77K","-0.31%"
"03/18/2022","92.59","93.07","93.29","91.30","2.33M","-0.88%"
"03/17/2022","93.41","93.07","94.70","92.07","1.40M","0.29%"
"03/16/2022","93.14","93.45","94.94","92.86","1.78M","1.99%"
"03/15/2022","91.32","90.50","92.14","89.35","1.55M","-0.16%"
"03/14/2022","91.47","89.66","92.44","89.32","1.57M","3.40%"
"03/11/2022","88.46","87.89","91.59","87.00","1.68M","0.69%"
"03/10/2022","87.85","90.34","90.86","86.88","2.04M","-3.17%"
"03/09/2022","90.73","87.00","90.91","85.89","3.39M","7.42%"
"03/08/2022","84.46","81.37","85.95","81.00","3.75M","2.94%"
"03/07/2022","82.05","83.23","86.24","80.74","4.30M","-4.85%"
"03/04/2022","86.23","90.70","90.91","86.16","2.41M","-5.99%"
"03/03/2022","91.72","92.55","93.92","91.22","1.30M","-1.45%"
"03/02/2022","93.07","91.47","93.91","89.88","2.30M","1.74%"
"03/01/2022","91.48","94.16","95.17","91.42","1.75M","-3.22%"
"02/28/2022","94.52","93.54","95.08","92.01","2.51M","-1.34%"
"02/25/2022","95.80","92.50","96.08","92.30","2.37M","2.99%"
"02/24/2022","93.02","93.42","95.47","92.20","3.05M","-3.91%"
"02/23/2022","96.81","97.92","99.30","96.26","1.34M","-1.03%"
"02/22/2022","97.82","96.80","99.10","96.22","1.56M","-1.55%"
"02/21/2022","99.36","102.00","102.52","98.52","1.30M","-1.60%"
"02/18/2022","100.98","102.88","103.68","100.68","1.46M","-1.17%"
"02/17/2022","102.18","102.06","102.86","100.46","1.27M","-0.37%"
"02/16/2022","102.56","102.22","103.38","101.74","1.20M","0.96%"
"02/15/2022","101.58","100.00","101.74","99.54","1.35M","1.54%"
"02/14/2022","100.04","100.56","100.74","98.19","1.71M","-2.13%"
"02/11/2022","102.22","102.00","102.78","101.16","1.22M","-0.53%"
"02/10/2022","102.76","102.32","103.74","102.32","1.28M","-0.23%"
"02/09/2022","103.00","101.94","103.28","101.88","1.43M","1.62%"
"02/08/2022","101.36","98.59","101.92","98.34","1.49M","2.49%"
"02/07/2022","98.90","99.28","99.57","97.62","1.19M","0.72%"
"02/04/2022","98.19","100.00","100.82","96.88","1.96M","0.64%"
"02/03/2022","97.57","98.17","98.48","96.85","1.36M","-0.42%"
"02/02/2022","97.98","97.85","98.60","97.33","1.00M","0.41%"
"02/01/2022","97.58","97.15","97.75","96.77","1.06M","0.95%"
"01/31/2022","96.66","97.50","97.89","95.45","1.79M","-0.06%"
"01/28/2022","96.72","98.51","98.61","95.30","1.22M","-0.87%"
"01/27/2022","97.57","95.89","98.02","95.30","1.37M","0.40%"
"01/26/2022","97.18","96.28","98.11","96.24","1.36M","1.70%"
"01/25/2022","95.56","96.73","96.96","94.58","1.36M","0.29%"
"01/24/2022","95.28","97.69","97.85","94.39","1.82M","-3.07%"
"01/21/2022","98.30","98.28","98.33","97.29","1.43M","-0.58%"
"01/20/2022","98.87","99.00","99.15","97.86","1.03M","0.69%"
"01/19/2022","98.19","98.14","98.63","97.49","1.15M","0.05%"
"01/18/2022","98.14","97.68","98.32","96.87","1.06M","0.21%"
"01/17/2022","97.93","98.53","99.11","97.93","837.72K","-0.55%"
"01/14/2022","98.47","97.14","98.70","96.96","1.43M","1.03%"
"01/13/2022","97.47","96.35","97.60","95.74","1.37M","2.38%"
"01/12/2022","95.20","95.89","96.08","94.57","1.06M","0.21%"
"01/11/2022","95.00","94.49","95.11","94.11","1.03M","0.68%"
"01/10/2022","94.36","94.26","95.43","93.78","1.24M","0.33%"
"01/07/2022","94.05","94.21","94.62","93.30","1.14M","-0.22%"
"01/06/2022","94.26","93.46","94.93","91.85","1.21M","-0.21%"
"01/05/2022","94.46","94.79","95.10","94.38","1.08M","-0.29%"
"01/04/2022","94.73","93.51","95.19","93.47","1.13M","2.21%"
"01/03/2022","92.68","92.78","93.94","92.34","1.03M","-0.25%"
"12/31/2021","92.91","91.44","92.91","91.33","332.46K","1.01%"
"12/30/2021","91.98","91.64","92.25","91.20","885.52K","0.31%"
"12/29/2021","91.70","91.34","91.82","91.17","630.40K","0.33%"
"12/28/2021","91.40","91.02","91.88","90.85","653.15K","0.13%"
"12/27/2021","91.28","89.65","91.35","89.43","775.06K","1.65%"
"12/24/2021","89.80","90.00","90.18","89.62","129.97K","-0.58%"
"12/23/2021","90.32","89.79","90.40","89.70","873.03K","1.10%"
"12/22/2021","89.34","87.76","89.34","87.56","1.06M","1.86%"
"12/21/2021","87.71","86.66","87.71","86.48","903.74K","2.29%"
"12/20/2021","85.75","85.00","86.37","83.77","1.35M","-1.00%"
"12/17/2021","86.62","86.34","87.27","86.00","2.32M","0.25%"
"12/16/2021","86.40","86.20","86.75","85.65","1.82M","2.13%"
"12/15/2021","84.60","85.00","85.20","84.47","1.06M","-0.19%"
"12/14/2021","84.76","84.96","85.44","84.73","1.14M","0.04%"
"12/13/2021","84.73","85.61","85.95","84.33","1.09M","-0.83%"
"12/10/2021","85.44","86.06","86.27","85.28","1.13M","-0.99%"
"12/09/2021","86.29","87.16","87.43","86.20","1.01M","-0.96%"
"12/08/2021","87.13","87.99","88.59","85.96","1.83M","-1.20%"
"12/07/2021","88.19","87.50","88.71","87.29","1.45M","1.24%"
"12/06/2021","87.11","85.77","87.54","85.66","1.40M","2.10%"
"12/03/2021","85.32","87.28","87.56","84.98","1.61M","-1.64%"
"12/02/2021","86.74","85.84","87.25","85.60","1.74M","0.49%"
"12/01/2021","86.32","84.12","86.72","84.00","1.68M","3.18%"
"11/30/2021","83.66","83.60","84.59","82.94","2.85M","-0.59%"
"11/29/2021","84.16","85.00","85.45","83.85","2.04M","0.17%"
"11/26/2021","84.02","87.00","87.00","83.63","4.32M","-8.45%"
"11/25/2021","91.77","91.71","91.94","90.40","760.98K","0.19%"
"11/24/2021","91.60","90.90","91.82","90.28","1.29M","1.13%"
"11/23/2021","90.58","89.07","91.54","88.92","1.17M","1.17%"